-- phpMyAdmin SQL Dump
-- version 5.2.0
-- https://www.phpmyadmin.net/
--
-- Host: 127.0.0.1
-- Generation Time: Jun 06, 2024 at 03:25 AM
-- Server version: 10.4.25-MariaDB
-- PHP Version: 7.4.30

SET SQL_MODE = "NO_AUTO_VALUE_ON_ZERO";
START TRANSACTION;
SET time_zone = "+00:00";


/*!40101 SET @OLD_CHARACTER_SET_CLIENT=@@CHARACTER_SET_CLIENT */;
/*!40101 SET @OLD_CHARACTER_SET_RESULTS=@@CHARACTER_SET_RESULTS */;
/*!40101 SET @OLD_COLLATION_CONNECTION=@@COLLATION_CONNECTION */;
/*!40101 SET NAMES utf8mb4 */;

--
-- Database: `gskstore`
--

-- --------------------------------------------------------

--
-- Table structure for table `tbl_baru`
--

CREATE TABLE `tbl_baru` (
  `id_baru` int(11) NOT NULL,
  `nama_baru` varchar(100) NOT NULL,
  `memori_baru` varchar(10) NOT NULL,
  `harga_baru` int(11) NOT NULL
) ENGINE=InnoDB DEFAULT CHARSET=utf8mb4;

--
-- Dumping data for table `tbl_baru`
--

INSERT INTO `tbl_baru` (`id_baru`, `nama_baru`, `memori_baru`, `harga_baru`) VALUES
(1, 'iPhone 11 (Resmi)', '64GB', 6249000),
(2, 'iPhone 11 (Resmi)', '128GB', 7749000),
(4, 'iPhone 12 (Resmi)', '64GB', 8749000),
(5, 'iPhone 12 (Resmi)', '128GB', 9749000),
(6, 'iPhone 13 (Resmi)', '128GB', 10249000),
(7, 'iPhone 13 (Resmi)', '256GB', 12749000),
(8, 'iPhone 14 (Resmi)', '128GB', 12249000),
(9, 'iPhone 14 (Resmi)', '256GB', 15249000),
(10, 'iPhone 14 (Resmi)', '512GB', 19249000),
(11, 'iPhone 14 Plus (Resmi)', '128GB', 12999000),
(12, 'iPhone 14 Plus (Resmi)', '256GB', 15499000),
(13, 'iPhone 14 Plus (Resmi)', '512GB', 18499000),
(14, 'iPhone 14 Pro (Resmi)', '128GB', 15999000),
(15, 'iPhone 14 Pro (Resmi)', '256GB', 17499000),
(16, 'iPhone 14 Pro (Resmi)', '512GB', 21999000),
(17, 'iPhone 14 Pro (Resmi)', '1TB', 25999000),
(18, 'iPhone 14 Pro Max (Resmi)', '128GB', 16999000),
(19, 'iPhone 14 Pro Max(Resmi)', '256GB', 19499000),
(20, 'iPhone 14 Pro Max (Resmi)', '512GB', 22999000),
(21, 'iPhone 14 Pro Max (Resmi)', '1TB', 26999000),
(22, 'iPhone 15 (Resmi)', '128GB', 13999000),
(23, 'iPhone 15 (Resmi)', '256GB', 16999000),
(24, 'iPhone 15 (Resmi)', '512GB', 20999000),
(25, 'iPhone 15 Plus (Resmi)', '128GB', 15999000),
(26, 'iPhone 15 Plus (Resmi)', '256GB', 18999000),
(27, 'iPhone 15 Plus (Resmi)', '512GB', 22999000),
(28, 'iPhone 15 Pro (Resmi)', '128GB', 18999000),
(29, 'iPhone 15 Pro (Resmi)', '256GB', 21999000),
(30, 'iPhone 15 Pro (Resmi)', '512GB', 25999000),
(31, 'iPhone 15 Pro (Resmi)', '1TB', 29999000),
(32, 'iPhone 15 Pro Max (Resmi)', '256GB', 22999000),
(33, 'iPhone 15 Pro Max (Resmi)', '512GB', 27999000),
(34, 'iPhone 15 Pro Max (Resmi)', '1TB', 31999000);

-- --------------------------------------------------------

--
-- Table structure for table `tbl_hak_akses`
--

CREATE TABLE `tbl_hak_akses` (
  `id` int(11) NOT NULL,
  `id_user_level` int(11) NOT NULL,
  `id_menu` int(11) NOT NULL
) ENGINE=InnoDB DEFAULT CHARSET=latin1;

--
-- Dumping data for table `tbl_hak_akses`
--

INSERT INTO `tbl_hak_akses` (`id`, `id_user_level`, `id_menu`) VALUES
(31, 1, 10),
(32, 1, 11),
(33, 1, 12);

-- --------------------------------------------------------

--
-- Table structure for table `tbl_harga`
--

CREATE TABLE `tbl_harga` (
  `id_harga` int(11) NOT NULL,
  `id_tipe` int(11) NOT NULL,
  `id_memori` int(11) NOT NULL,
  `id_kondisi` int(11) NOT NULL,
  `id_kualifikasi` int(11) NOT NULL,
  `harga` bigint(20) NOT NULL
) ENGINE=InnoDB DEFAULT CHARSET=utf8mb4;

--
-- Dumping data for table `tbl_harga`
--

INSERT INTO `tbl_harga` (`id_harga`, `id_tipe`, `id_memori`, `id_kondisi`, `id_kualifikasi`, `harga`) VALUES
(3, 1, 5, 1, 2, 12000000),
(4, 1, 5, 2, 2, 11500000),
(5, 1, 5, 3, 2, 11000000),
(6, 1, 6, 1, 1, 14500000),
(7, 1, 6, 2, 1, 14000000),
(8, 1, 6, 3, 1, 13500000),
(16, 1, 7, 1, 1, 16500000),
(17, 1, 7, 2, 1, 16000000),
(18, 1, 7, 3, 1, 15000000),
(19, 3, 5, 1, 2, 16500000),
(20, 3, 5, 2, 2, 16000000),
(21, 3, 5, 3, 2, 15500000),
(22, 3, 6, 1, 2, 19000000),
(23, 3, 6, 2, 2, 18500000),
(24, 3, 6, 3, 2, 17500000),
(25, 3, 7, 1, 1, 22500000),
(26, 3, 7, 2, 1, 22000000),
(27, 3, 7, 3, 1, 21000000),
(28, 3, 8, 1, 1, 24500000),
(29, 3, 8, 2, 1, 23500000),
(30, 3, 8, 3, 1, 22000000),
(31, 4, 6, 1, 2, 20000000),
(32, 4, 6, 2, 2, 19000000),
(33, 4, 6, 3, 2, 18500000),
(34, 4, 7, 1, 1, 24000000),
(35, 4, 7, 2, 1, 23000000),
(36, 4, 7, 3, 1, 22500000),
(37, 4, 8, 1, 1, 25500000),
(38, 4, 8, 2, 1, 24500000),
(39, 4, 8, 3, 1, 23500000),
(40, 6, 5, 1, 1, 13500000),
(41, 6, 5, 2, 1, 13000000),
(42, 6, 5, 3, 1, 12500000),
(43, 6, 6, 1, 1, 16500000),
(44, 6, 6, 2, 1, 16000000),
(45, 6, 6, 3, 1, 15500000),
(46, 6, 7, 1, 1, 19000000),
(47, 6, 7, 2, 1, 18500000),
(48, 6, 7, 3, 1, 18000000),
(49, 7, 5, 1, 3, 10500000),
(50, 7, 5, 2, 3, 10000000),
(51, 7, 5, 3, 3, 9500000),
(52, 7, 6, 1, 3, 13000000),
(53, 7, 6, 2, 3, 12500000),
(54, 7, 6, 3, 3, 12000000),
(55, 7, 7, 1, 3, 14000000),
(56, 7, 7, 2, 3, 13500000),
(57, 7, 7, 3, 3, 12750000),
(58, 8, 5, 1, 1, 9700000),
(59, 8, 5, 2, 1, 9500000),
(60, 8, 5, 3, 1, 9000000),
(61, 8, 6, 1, 1, 10700000),
(62, 8, 6, 2, 1, 10400000),
(63, 8, 6, 3, 1, 9700000),
(64, 8, 7, 1, 1, 11700000),
(65, 8, 7, 2, 1, 11500000),
(66, 8, 7, 3, 1, 10800000),
(67, 9, 5, 1, 3, 12000000),
(68, 9, 5, 2, 3, 11500000),
(69, 9, 5, 3, 3, 11000000),
(70, 9, 6, 1, 3, 13500000),
(71, 9, 6, 2, 3, 13000000),
(72, 9, 6, 3, 3, 12700000),
(73, 9, 7, 1, 3, 14500000),
(74, 9, 7, 2, 3, 14000000),
(75, 9, 7, 3, 3, 13000000),
(76, 10, 5, 1, 1, 10200000),
(77, 10, 5, 2, 1, 10000000),
(78, 10, 5, 3, 1, 9400000),
(79, 10, 6, 1, 1, 11150000),
(80, 10, 6, 2, 1, 10900000),
(81, 10, 6, 3, 1, 10200000),
(82, 10, 7, 1, 1, 13750000),
(83, 10, 7, 2, 1, 13500000),
(84, 10, 7, 3, 1, 12800000),
(85, 11, 5, 1, 3, 13500000),
(86, 11, 5, 2, 3, 13000000),
(87, 11, 5, 3, 3, 12500000),
(88, 11, 6, 1, 3, 15500000),
(89, 11, 6, 2, 3, 15000000),
(90, 11, 6, 3, 3, 14500000),
(91, 11, 7, 1, 3, 16500000),
(92, 11, 7, 2, 3, 16000000),
(93, 11, 7, 3, 3, 15500000),
(94, 12, 7, 2, 1, 13500000),
(95, 12, 7, 3, 1, 13000000),
(96, 13, 5, 1, 3, 15500000),
(97, 13, 5, 2, 3, 15000000),
(98, 13, 5, 3, 3, 14500000),
(99, 13, 6, 1, 3, 16500000),
(100, 13, 6, 2, 3, 16000000),
(101, 13, 6, 3, 3, 15500000),
(102, 13, 7, 1, 3, 18000000),
(103, 13, 7, 2, 3, 17500000),
(104, 13, 7, 3, 3, 17000000),
(105, 13, 8, 1, 2, 20000000),
(106, 13, 8, 2, 2, 19500000),
(107, 13, 8, 3, 2, 19000000),
(108, 14, 5, 1, 1, 14300000),
(109, 14, 5, 2, 1, 13500000),
(110, 14, 5, 3, 1, 13000000),
(111, 14, 6, 2, 1, 14000000),
(112, 14, 6, 3, 1, 13500000),
(113, 14, 7, 2, 1, 14500000),
(114, 14, 7, 3, 1, 14000000),
(115, 14, 8, 1, 1, 17850000),
(116, 14, 8, 2, 1, 17600000),
(117, 14, 8, 3, 1, 16750000),
(118, 15, 5, 1, 3, 9000000),
(119, 15, 5, 2, 3, 8500000),
(120, 15, 5, 3, 3, 8000000),
(121, 15, 6, 1, 3, 11000000),
(122, 15, 6, 2, 3, 10500000),
(123, 15, 6, 3, 3, 10000000),
(124, 15, 7, 1, 2, 11500000),
(125, 15, 7, 2, 2, 11000000),
(126, 15, 7, 3, 2, 10500000),
(127, 16, 5, 2, 2, 6300000),
(128, 16, 5, 3, 2, 5800000),
(129, 16, 6, 2, 2, 8000000),
(130, 16, 6, 3, 2, 7500000),
(131, 16, 7, 2, 1, 8500000),
(132, 16, 7, 3, 1, 7500000),
(133, 17, 5, 2, 3, 11000000),
(134, 17, 5, 3, 3, 10500000),
(135, 17, 6, 2, 3, 11500000),
(136, 17, 6, 3, 3, 11000000),
(137, 17, 7, 2, 1, 12000000),
(138, 17, 7, 3, 1, 11500000),
(139, 17, 8, 1, 1, 18000000),
(140, 17, 8, 2, 1, 17250000),
(141, 17, 8, 3, 1, 15500000),
(142, 18, 5, 2, 3, 12000000),
(143, 18, 5, 3, 3, 11500000),
(144, 18, 6, 2, 3, 12500000),
(145, 18, 6, 3, 3, 12000000),
(146, 18, 7, 2, 1, 13500000),
(147, 18, 7, 3, 1, 13000000),
(148, 18, 8, 1, 1, 17200000),
(149, 18, 8, 2, 1, 17000000),
(150, 18, 8, 3, 1, 16000000),
(151, 19, 4, 1, 3, 7000000),
(152, 19, 4, 2, 3, 6500000),
(153, 19, 4, 3, 3, 6000000),
(154, 19, 5, 1, 3, 7500000),
(155, 19, 5, 2, 3, 7000000),
(156, 19, 5, 3, 3, 6500000),
(157, 19, 6, 1, 3, 9000000),
(158, 19, 6, 2, 3, 8800000),
(159, 19, 6, 3, 3, 8000000),
(160, 20, 4, 2, 1, 5500000),
(161, 20, 4, 3, 1, 5000000),
(162, 20, 5, 2, 1, 5700000),
(163, 20, 5, 3, 1, 5350000),
(164, 20, 6, 1, 1, 6000000),
(165, 20, 6, 2, 1, 5800000),
(166, 20, 6, 3, 1, 5400000),
(167, 21, 5, 2, 3, 9500000),
(168, 21, 5, 3, 3, 8500000),
(169, 21, 6, 2, 3, 10500000),
(170, 21, 6, 3, 3, 9500000),
(171, 21, 7, 2, 2, 11500000),
(172, 21, 7, 3, 2, 10500000),
(173, 22, 5, 2, 3, 9000000),
(174, 22, 5, 3, 3, 8500000),
(175, 22, 6, 2, 3, 10000000),
(176, 22, 6, 3, 3, 9500000),
(177, 22, 7, 2, 2, 12000000),
(178, 22, 7, 3, 2, 11000000),
(179, 23, 4, 1, 3, 5300000),
(180, 23, 4, 2, 3, 5000000),
(181, 23, 4, 3, 3, 4600000),
(182, 23, 5, 1, 3, 6700000),
(183, 23, 5, 2, 3, 6500000),
(184, 23, 5, 3, 3, 6200000),
(185, 24, 4, 1, 1, 8750000),
(186, 24, 4, 2, 1, 8500000),
(187, 24, 4, 3, 1, 7500000),
(188, 25, 4, 2, 2, 4600000),
(189, 25, 4, 3, 2, 4300000),
(190, 25, 5, 2, 3, 5200000),
(191, 25, 5, 3, 3, 4700000),
(192, 25, 6, 1, 2, 5700000),
(193, 25, 6, 2, 2, 5500000),
(194, 25, 6, 3, 2, 5200000),
(195, 26, 4, 1, 1, 4800000),
(196, 26, 4, 2, 1, 4650000),
(197, 26, 4, 3, 1, 4000000),
(198, 27, 5, 2, 3, 5800000),
(199, 27, 5, 3, 3, 5500000),
(200, 27, 6, 2, 3, 6000000),
(201, 27, 6, 3, 3, 5700000),
(202, 27, 7, 2, 1, 6500000),
(203, 27, 7, 3, 1, 6000000),
(204, 28, 5, 2, 3, 6500000),
(205, 28, 5, 3, 3, 6000000),
(206, 28, 6, 2, 3, 7000000),
(207, 28, 6, 3, 3, 6500000),
(208, 28, 7, 2, 1, 7500000),
(209, 28, 7, 3, 1, 7000000),
(210, 29, 5, 1, 3, 7900000),
(211, 29, 5, 2, 3, 7700000),
(212, 29, 6, 1, 3, 8400000),
(213, 29, 6, 2, 3, 8200000),
(214, 29, 6, 3, 3, 7600000),
(215, 29, 7, 1, 2, 11500000),
(216, 29, 7, 2, 2, 11000000),
(217, 29, 7, 3, 2, 10500000),
(218, 30, 5, 1, 1, 7050000),
(219, 30, 5, 2, 1, 6800000),
(220, 30, 5, 3, 1, 6300000),
(221, 30, 6, 1, 1, 7450000),
(222, 30, 6, 2, 1, 7300000),
(223, 30, 6, 3, 1, 6700000),
(224, 31, 5, 2, 3, 8500000),
(225, 31, 5, 3, 3, 8000000),
(226, 31, 6, 2, 3, 9000000),
(227, 31, 6, 3, 3, 8000000),
(228, 31, 7, 2, 2, 9000000),
(229, 31, 7, 3, 2, 8500000),
(230, 32, 5, 2, 3, 9500000),
(231, 32, 5, 3, 3, 9000000),
(232, 32, 6, 2, 3, 10000000),
(233, 32, 6, 3, 3, 9500000),
(234, 32, 7, 2, 2, 10500000),
(235, 32, 7, 3, 2, 10000000),
(236, 33, 4, 1, 3, 4000000),
(237, 33, 4, 2, 3, 3700000),
(238, 33, 4, 3, 3, 3550000),
(239, 33, 5, 1, 3, 4500000),
(240, 33, 5, 2, 3, 4300000),
(241, 33, 5, 3, 3, 4000000),
(242, 33, 6, 2, 2, 4700000),
(243, 33, 6, 3, 2, 4400000),
(244, 34, 4, 2, 3, 4800000),
(245, 34, 4, 3, 3, 4500000),
(246, 34, 6, 2, 3, 5200000),
(247, 34, 6, 3, 3, 5000000),
(248, 34, 7, 2, 2, 5500000),
(249, 34, 7, 3, 2, 5200000),
(250, 35, 4, 2, 3, 5500000),
(251, 35, 4, 3, 3, 5300000),
(252, 35, 6, 2, 3, 6000000),
(253, 35, 6, 3, 3, 5700000),
(254, 35, 7, 2, 1, 6500000),
(255, 35, 7, 3, 1, 6200000),
(256, 36, 4, 2, 1, 3000000),
(257, 36, 4, 3, 1, 2750000),
(258, 36, 5, 1, 1, 3500000),
(259, 36, 5, 2, 1, 3250000),
(260, 36, 5, 3, 1, 3000000),
(261, 36, 6, 2, 1, 3500000),
(262, 36, 6, 3, 1, 3250000),
(263, 37, 4, 1, 1, 2750000),
(264, 37, 4, 2, 1, 2600000),
(265, 37, 4, 3, 1, 2300000),
(266, 37, 5, 1, 1, 3300000),
(267, 37, 5, 2, 1, 3100000),
(268, 37, 5, 3, 1, 2600000),
(269, 38, 4, 2, 1, 4750000),
(270, 38, 4, 3, 1, 4300000),
(271, 38, 5, 1, 1, 6250000),
(272, 38, 5, 2, 1, 5850000),
(273, 38, 5, 3, 1, 5400000),
(274, 38, 6, 2, 1, 6250000),
(275, 38, 6, 3, 1, 5750000),
(276, 39, 4, 2, 3, 2500000),
(277, 39, 4, 3, 3, 2200000),
(278, 40, 4, 1, 3, 2800000),
(279, 40, 4, 2, 3, 2700000),
(280, 40, 4, 3, 3, 2500000),
(281, 40, 5, 1, 3, 3300000),
(282, 40, 5, 2, 3, 3200000),
(283, 40, 5, 3, 3, 2800000),
(284, 40, 6, 2, 3, 3700000),
(285, 40, 6, 3, 3, 3400000),
(286, 41, 4, 2, 3, 2800000),
(287, 41, 4, 3, 3, 2700000),
(288, 41, 6, 2, 3, 3200000),
(289, 41, 6, 3, 3, 3000000),
(290, 41, 7, 2, 2, 3500000),
(291, 41, 7, 3, 2, 3300000),
(292, 42, 4, 1, 3, 3650000),
(293, 42, 4, 2, 3, 3550000),
(294, 42, 4, 3, 3, 3000000),
(295, 42, 6, 1, 2, 3750000),
(296, 42, 6, 2, 2, 3700000),
(297, 42, 6, 3, 2, 3200000),
(298, 42, 7, 1, 1, 4100000),
(299, 42, 7, 2, 1, 4000000),
(300, 42, 7, 3, 1, 3500000),
(301, 43, 4, 2, 3, 1500000),
(302, 43, 4, 3, 3, 1300000),
(303, 43, 6, 2, 3, 1800000),
(304, 43, 6, 3, 3, 1600000),
(305, 44, 4, 2, 3, 2000000),
(306, 44, 4, 3, 3, 1700000),
(307, 44, 6, 2, 3, 2200000),
(308, 44, 6, 3, 3, 2000000),
(309, 45, 5, 1, 3, 1700000),
(310, 45, 5, 2, 3, 1600000),
(311, 45, 5, 3, 3, 1300000),
(312, 46, 5, 2, 3, 1700000),
(313, 46, 5, 3, 3, 1500000),
(314, 47, 3, 2, 3, 2000000),
(315, 47, 3, 3, 3, 1500000),
(316, 47, 5, 2, 3, 2300000),
(317, 47, 5, 3, 3, 2000000),
(318, 48, 10, 1, 1, 2850000),
(319, 48, 10, 2, 1, 2700000),
(320, 48, 10, 3, 1, 2200000),
(321, 49, 10, 1, 1, 2250000),
(322, 49, 10, 2, 1, 2100000),
(323, 49, 10, 3, 1, 1900000),
(324, 50, 10, 1, 1, 2500000),
(325, 50, 10, 2, 1, 2250000),
(326, 50, 10, 3, 1, 2000000),
(327, 51, 10, 1, 1, 2700000),
(328, 51, 10, 2, 1, 2500000),
(329, 51, 10, 3, 1, 2300000),
(330, 52, 10, 1, 1, 2850000),
(331, 52, 10, 2, 1, 2650000),
(332, 52, 10, 3, 1, 2400000),
(333, 53, 10, 1, 1, 1350000),
(334, 53, 10, 2, 1, 1200000),
(335, 53, 10, 3, 1, 1000000),
(336, 54, 10, 1, 1, 1450000),
(337, 54, 10, 2, 1, 1350000),
(338, 54, 10, 3, 1, 1200000),
(339, 55, 10, 1, 1, 1500000),
(340, 55, 10, 2, 1, 1350000),
(341, 55, 10, 3, 1, 1150000),
(342, 56, 10, 1, 1, 1600000),
(343, 56, 10, 2, 1, 1450000),
(344, 56, 10, 3, 1, 1200000),
(345, 57, 10, 1, 1, 2150000),
(346, 57, 10, 2, 1, 2000000),
(347, 57, 10, 3, 1, 1850000),
(348, 58, 10, 1, 1, 2300000),
(349, 58, 10, 2, 1, 2150000),
(350, 58, 10, 3, 1, 2000000),
(351, 59, 10, 1, 1, 2450000),
(352, 59, 10, 2, 1, 2300000),
(353, 59, 10, 3, 1, 2050000),
(354, 60, 10, 1, 1, 2300000),
(355, 60, 10, 2, 1, 2100000),
(356, 60, 10, 3, 1, 1900000),
(357, 61, 10, 1, 1, 2450000),
(358, 61, 10, 2, 1, 2300000),
(359, 61, 10, 3, 1, 2100000),
(360, 62, 10, 2, 1, 2450000),
(361, 62, 10, 3, 1, 2200000),
(362, 63, 10, 1, 1, 2600000),
(363, 63, 10, 2, 1, 2450000),
(364, 63, 10, 3, 1, 2200000),
(365, 64, 10, 1, 1, 2300000),
(366, 64, 10, 2, 1, 2100000),
(367, 64, 10, 3, 1, 2000000),
(368, 65, 10, 1, 1, 2200000),
(369, 65, 10, 2, 1, 2000000),
(370, 65, 10, 3, 1, 1800000),
(371, 66, 10, 1, 1, 2900000),
(372, 66, 10, 2, 1, 2300000),
(373, 66, 10, 3, 1, 2100000),
(374, 67, 10, 1, 1, 2400000),
(375, 67, 10, 2, 1, 2200000),
(376, 67, 10, 3, 1, 2000000),
(377, 68, 10, 1, 1, 2800000),
(378, 68, 10, 2, 1, 2600000),
(379, 68, 10, 3, 1, 2300000),
(380, 69, 10, 1, 1, 3650000),
(381, 69, 10, 2, 1, 3350000),
(382, 69, 10, 3, 1, 3100000),
(383, 70, 10, 1, 1, 3000000),
(384, 70, 10, 2, 1, 2800000),
(385, 70, 10, 3, 1, 2500000),
(386, 71, 10, 1, 1, 3000000),
(387, 71, 10, 2, 1, 2700000),
(388, 71, 10, 3, 1, 2400000),
(389, 72, 10, 1, 1, 3500000),
(390, 72, 10, 2, 1, 3000000),
(391, 72, 10, 3, 1, 2700000),
(392, 73, 10, 1, 1, 4000000),
(393, 73, 10, 2, 1, 3800000),
(394, 73, 10, 3, 1, 3600000),
(395, 74, 10, 1, 1, 4250000),
(396, 74, 10, 2, 1, 4050000),
(397, 74, 10, 3, 1, 3800000),
(398, 75, 10, 1, 1, 4200000),
(399, 75, 10, 2, 1, 4000000),
(400, 75, 10, 3, 1, 3800000),
(401, 76, 10, 1, 1, 4450000),
(402, 76, 10, 2, 1, 4250000),
(403, 76, 10, 3, 1, 3950000),
(404, 77, 4, 1, 1, 4750000),
(405, 77, 4, 2, 1, 4400000),
(406, 77, 4, 3, 1, 4000000),
(407, 77, 6, 1, 1, 6000000),
(408, 77, 6, 2, 1, 5600000),
(409, 77, 6, 3, 1, 5200000),
(410, 78, 4, 1, 1, 3750000),
(411, 78, 4, 2, 1, 3400000),
(412, 78, 4, 3, 1, 3000000),
(413, 78, 6, 1, 1, 4750000),
(414, 78, 6, 2, 1, 4400000),
(415, 78, 6, 3, 1, 4000000),
(416, 79, 4, 1, 1, 7250000),
(417, 79, 4, 2, 1, 6750000),
(418, 79, 4, 3, 1, 6250000),
(419, 79, 6, 1, 1, 11000000),
(420, 79, 6, 2, 1, 10500000),
(421, 79, 6, 3, 1, 9750000),
(422, 80, 4, 1, 1, 5700000),
(423, 80, 4, 2, 1, 5400000),
(424, 80, 4, 3, 1, 5000000),
(425, 80, 6, 1, 1, 7500000),
(426, 80, 6, 2, 1, 7000000),
(427, 80, 6, 3, 1, 6500000),
(428, 81, 4, 1, 1, 5000000),
(429, 81, 4, 2, 1, 4500000),
(430, 81, 4, 3, 1, 4000000),
(431, 81, 6, 1, 1, 7000000),
(432, 81, 6, 2, 1, 6500000),
(433, 81, 6, 3, 1, 6000000),
(434, 82, 4, 1, 1, 7000000),
(435, 82, 4, 2, 1, 6500000),
(436, 82, 4, 3, 1, 6000000),
(437, 82, 6, 1, 1, 9000000),
(438, 82, 6, 2, 1, 8500000),
(439, 82, 6, 3, 1, 8000000),
(440, 83, 4, 1, 2, 6000000),
(441, 83, 4, 2, 2, 5500000),
(442, 83, 4, 3, 2, 5000000),
(443, 83, 6, 1, 1, 7000000),
(444, 83, 6, 2, 1, 6500000),
(445, 83, 6, 3, 1, 6000000),
(446, 84, 4, 1, 1, 6750000),
(447, 84, 4, 2, 1, 6400000),
(448, 84, 4, 3, 1, 5850000),
(449, 84, 6, 1, 1, 10250000),
(450, 84, 6, 2, 1, 9750000),
(451, 84, 6, 3, 1, 9250000),
(452, 85, 4, 1, 1, 5750000),
(453, 85, 4, 2, 1, 5250000),
(454, 85, 4, 3, 1, 4750000),
(455, 85, 6, 1, 1, 6750000),
(456, 85, 6, 2, 1, 6300000),
(457, 85, 6, 3, 1, 5800000),
(458, 86, 4, 1, 1, 3200000),
(459, 86, 4, 2, 1, 2900000),
(460, 86, 4, 3, 1, 2650000),
(461, 87, 5, 1, 1, 11000000),
(462, 87, 5, 2, 1, 10500000),
(463, 87, 5, 3, 1, 10000000),
(464, 87, 6, 1, 1, 12250000),
(465, 87, 6, 2, 1, 11750000),
(466, 87, 6, 3, 1, 11000000),
(467, 88, 5, 1, 1, 7750000),
(468, 88, 5, 2, 1, 7300000),
(469, 88, 5, 3, 1, 6750000),
(470, 88, 6, 1, 1, 10750000),
(471, 88, 6, 2, 1, 10250000),
(472, 88, 6, 3, 1, 9500000),
(473, 89, 5, 1, 1, 11500000),
(474, 89, 5, 2, 1, 10500000),
(475, 89, 5, 3, 1, 9500000),
(476, 89, 6, 1, 1, 12500000),
(477, 89, 6, 2, 1, 12150000),
(478, 89, 6, 3, 1, 11500000),
(479, 89, 7, 1, 1, 15000000),
(480, 89, 7, 2, 1, 14500000),
(481, 89, 7, 3, 1, 13750000),
(482, 90, 5, 1, 1, 13500000),
(483, 90, 5, 2, 1, 13100000),
(484, 90, 5, 3, 1, 12250000),
(485, 90, 6, 1, 1, 14750000),
(486, 90, 6, 2, 1, 14200000),
(487, 90, 6, 3, 1, 13650000),
(488, 90, 7, 1, 1, 17500000),
(489, 90, 7, 2, 1, 17000000),
(490, 90, 7, 3, 1, 16250000),
(491, 91, 5, 1, 1, 13500000),
(492, 91, 5, 2, 1, 13000000),
(493, 91, 5, 3, 1, 12250000),
(494, 91, 6, 1, 1, 14500000),
(495, 91, 6, 2, 1, 14000000),
(496, 91, 6, 3, 1, 13500000),
(497, 91, 7, 1, 1, 17500000),
(498, 91, 7, 2, 1, 16500000),
(499, 91, 7, 3, 1, 15500000),
(500, 92, 5, 1, 1, 15250000),
(501, 92, 5, 2, 1, 14750000),
(502, 92, 5, 3, 1, 14000000),
(503, 92, 6, 1, 1, 16250000),
(504, 92, 6, 2, 1, 15750000),
(505, 92, 6, 3, 1, 15000000),
(506, 92, 7, 1, 1, 17250000),
(507, 92, 7, 2, 1, 16750000),
(508, 92, 7, 3, 1, 16250000),
(509, 93, 6, 1, 1, 8500000),
(510, 93, 6, 2, 1, 8000000),
(511, 93, 6, 3, 1, 7500000),
(512, 94, 6, 1, 1, 5750000),
(513, 94, 6, 2, 1, 5500000),
(514, 94, 6, 3, 1, 5000000),
(515, 95, 5, 2, 1, 4500000),
(516, 95, 5, 3, 1, 4000000),
(517, 95, 6, 2, 1, 5500000),
(518, 95, 6, 3, 1, 5200000),
(519, 96, 3, 1, 3, 500000),
(520, 96, 3, 2, 3, 350000),
(521, 96, 3, 3, 3, 250000),
(522, 97, 3, 1, 3, 500000),
(523, 97, 3, 2, 3, 350000),
(524, 97, 3, 3, 3, 250000),
(525, 97, 4, 1, 3, 700000),
(526, 97, 4, 2, 3, 600000),
(527, 97, 4, 3, 3, 500000),
(528, 98, 3, 1, 2, 600000),
(529, 98, 3, 2, 2, 500000),
(530, 98, 3, 3, 2, 400000),
(531, 98, 4, 1, 1, 700000),
(532, 98, 4, 2, 1, 600000),
(533, 98, 4, 3, 1, 500000),
(534, 99, 4, 1, 3, 800000),
(535, 99, 4, 2, 3, 700000),
(536, 99, 4, 3, 3, 600000),
(537, 99, 5, 1, 3, 900000),
(538, 99, 5, 2, 3, 800000),
(539, 99, 5, 3, 1, 700000),
(540, 100, 5, 1, 3, 1000000),
(541, 100, 5, 2, 3, 900000),
(542, 100, 5, 3, 3, 750000),
(543, 101, 5, 1, 2, 750000),
(544, 101, 5, 2, 2, 650000),
(545, 101, 5, 3, 2, 550000),
(546, 102, 4, 1, 3, 750000),
(547, 102, 4, 2, 3, 650000),
(548, 102, 4, 3, 3, 550000),
(549, 103, 5, 1, 1, 1000000),
(550, 103, 5, 2, 1, 800000),
(551, 103, 5, 3, 1, 650000),
(552, 104, 5, 1, 2, 950000),
(553, 104, 5, 2, 2, 850000),
(554, 104, 5, 3, 2, 750000),
(555, 105, 4, 1, 3, 700000),
(556, 105, 4, 2, 3, 600000),
(557, 105, 4, 3, 3, 500000),
(558, 105, 5, 1, 3, 800000),
(559, 105, 5, 2, 3, 700000),
(560, 105, 5, 3, 3, 600000),
(561, 106, 5, 1, 2, 1000000),
(562, 106, 5, 2, 2, 850000),
(563, 106, 5, 3, 2, 750000),
(564, 107, 4, 1, 3, 750000),
(565, 107, 4, 2, 3, 650000),
(566, 107, 4, 3, 3, 550000),
(567, 107, 5, 1, 2, 900000),
(568, 107, 5, 2, 2, 750000),
(569, 107, 5, 3, 2, 650000),
(570, 109, 5, 1, 2, 1000000),
(571, 109, 5, 2, 2, 900000),
(572, 109, 5, 3, 2, 700000),
(573, 110, 5, 1, 1, 1000000),
(574, 110, 5, 2, 1, 900000),
(575, 110, 5, 3, 1, 750000),
(576, 111, 5, 1, 2, 900000),
(577, 111, 5, 2, 2, 800000),
(578, 111, 5, 3, 2, 650000),
(579, 112, 6, 1, 2, 1400000),
(580, 112, 6, 2, 2, 1300000),
(581, 112, 6, 3, 2, 1150000),
(582, 113, 6, 1, 3, 1200000),
(583, 113, 6, 2, 3, 1100000),
(584, 113, 6, 3, 3, 1000000),
(585, 114, 6, 1, 2, 2500000),
(586, 114, 6, 2, 2, 2300000),
(587, 114, 6, 3, 2, 1900000),
(588, 115, 6, 1, 2, 2500000),
(589, 115, 6, 2, 2, 2350000),
(590, 115, 6, 3, 2, 2000000),
(591, 116, 5, 1, 1, 2250000),
(592, 116, 5, 2, 1, 2000000),
(593, 116, 5, 3, 1, 1700000),
(594, 117, 6, 1, 1, 3500000),
(595, 117, 6, 2, 1, 3300000),
(596, 117, 6, 3, 1, 3000000),
(597, 118, 5, 1, 2, 1400000),
(598, 118, 5, 2, 2, 1250000),
(599, 118, 5, 3, 2, 1000000),
(600, 119, 5, 1, 1, 1500000),
(601, 119, 5, 2, 1, 1300000),
(602, 119, 5, 3, 1, 1100000),
(603, 119, 6, 1, 1, 1700000),
(604, 119, 6, 2, 1, 1500000),
(605, 119, 6, 3, 1, 1350000),
(606, 120, 6, 1, 1, 2000000),
(607, 120, 6, 2, 1, 1800000),
(608, 120, 6, 3, 1, 1500000),
(609, 121, 6, 1, 2, 1400000),
(610, 121, 6, 2, 2, 1300000),
(611, 121, 6, 3, 2, 1200000),
(612, 122, 6, 1, 2, 1600000),
(613, 122, 6, 2, 2, 1400000),
(614, 122, 6, 3, 2, 1200000),
(615, 123, 6, 1, 3, 3100000),
(616, 123, 6, 2, 3, 3000000),
(617, 123, 6, 3, 3, 2700000),
(618, 124, 6, 1, 3, 2100000),
(619, 124, 6, 2, 3, 2000000),
(620, 124, 6, 3, 3, 1700000),
(621, 125, 6, 1, 3, 1600000),
(622, 125, 6, 2, 3, 1500000),
(623, 125, 6, 3, 3, 1300000),
(624, 126, 3, 2, 1, 800000),
(625, 126, 3, 3, 1, 700000),
(626, 127, 3, 2, 3, 800000),
(627, 127, 3, 3, 3, 700000),
(628, 127, 4, 2, 2, 900000),
(629, 127, 4, 3, 2, 800000),
(630, 128, 3, 2, 3, 800000),
(631, 128, 3, 3, 3, 650000),
(632, 129, 4, 2, 2, 850000),
(633, 129, 4, 3, 2, 800000),
(634, 130, 4, 1, 3, 900000),
(635, 130, 4, 2, 3, 800000),
(636, 130, 4, 3, 3, 700000),
(637, 131, 4, 1, 3, 800000),
(638, 131, 4, 2, 3, 700000),
(639, 131, 4, 3, 3, 600000),
(640, 132, 5, 1, 2, 1000000),
(641, 132, 5, 2, 2, 850000),
(642, 132, 5, 3, 2, 700000),
(643, 133, 3, 2, 2, 750000),
(644, 133, 3, 3, 2, 600000),
(645, 134, 3, 2, 2, 850000),
(646, 134, 3, 3, 2, 750000),
(647, 135, 5, 1, 2, 1350000),
(648, 135, 5, 2, 2, 1250000),
(649, 135, 5, 3, 2, 1100000),
(650, 136, 4, 1, 2, 1300000),
(651, 136, 4, 2, 2, 1200000),
(652, 136, 4, 3, 2, 1100000),
(653, 136, 5, 1, 2, 1450000),
(654, 136, 5, 2, 2, 1350000),
(655, 136, 5, 3, 2, 1250000),
(656, 137, 4, 2, 2, 900000),
(657, 137, 4, 3, 2, 800000),
(658, 137, 5, 2, 2, 1000000),
(659, 137, 5, 3, 2, 800000),
(660, 138, 5, 2, 2, 1100000),
(661, 138, 5, 3, 2, 900000),
(662, 139, 4, 2, 2, 1100000),
(663, 139, 4, 3, 2, 900000),
(664, 140, 4, 1, 3, 1100000),
(665, 140, 4, 2, 3, 900000),
(666, 140, 4, 3, 3, 800000),
(667, 140, 5, 1, 2, 1400000),
(668, 140, 5, 2, 2, 1300000),
(669, 140, 5, 3, 2, 1000000),
(670, 141, 5, 1, 1, 1850000),
(671, 141, 5, 2, 1, 1700000),
(672, 141, 5, 3, 1, 1500000),
(673, 142, 5, 1, 2, 1200000),
(674, 142, 5, 2, 2, 1100000),
(675, 142, 5, 3, 2, 1000000),
(676, 143, 5, 1, 3, 1500000),
(677, 143, 5, 2, 3, 1300000),
(678, 143, 5, 3, 3, 1000000),
(679, 144, 5, 1, 2, 1800000),
(680, 144, 5, 2, 2, 1600000),
(681, 144, 5, 3, 2, 1400000),
(682, 145, 5, 1, 2, 2000000),
(683, 145, 5, 2, 2, 1800000),
(684, 145, 5, 3, 2, 1500000),
(685, 146, 6, 1, 1, 2450000),
(686, 146, 6, 2, 1, 2300000),
(687, 146, 6, 3, 1, 2000000),
(688, 147, 5, 1, 1, 1500000),
(689, 147, 5, 2, 1, 1400000),
(690, 147, 5, 3, 1, 1250000),
(691, 148, 5, 1, 1, 1400000),
(692, 148, 5, 2, 1, 1200000),
(693, 148, 5, 3, 1, 1000000),
(694, 149, 5, 1, 2, 1300000),
(695, 149, 5, 2, 2, 1200000),
(696, 149, 5, 3, 2, 1000000),
(697, 150, 6, 1, 2, 1500000),
(698, 150, 6, 2, 2, 1300000),
(699, 150, 6, 3, 2, 1000000),
(700, 151, 6, 1, 2, 2200000),
(701, 151, 6, 2, 2, 2000000),
(702, 151, 6, 3, 2, 1700000),
(703, 152, 5, 1, 1, 1150000),
(704, 152, 5, 2, 1, 1050000),
(705, 152, 5, 3, 1, 950000),
(706, 153, 6, 1, 1, 7000000),
(707, 153, 6, 2, 1, 6500000),
(708, 153, 6, 3, 1, 6000000),
(709, 154, 7, 1, 1, 20000000),
(710, 154, 7, 2, 1, 18500000),
(711, 154, 7, 3, 1, 17000000),
(712, 155, 6, 1, 1, 10500000),
(713, 155, 6, 2, 1, 10000000),
(714, 155, 6, 3, 1, 9000000),
(715, 156, 6, 1, 1, 7000000),
(716, 156, 6, 2, 1, 6500000),
(717, 156, 6, 3, 1, 6000000),
(718, 157, 5, 1, 2, 1600000),
(719, 157, 5, 2, 2, 1400000),
(720, 157, 5, 3, 2, 1200000),
(721, 158, 5, 1, 2, 1800000),
(722, 158, 5, 2, 2, 1600000),
(723, 158, 5, 3, 2, 1400000),
(724, 159, 4, 1, 1, 2700000),
(725, 159, 4, 2, 1, 2500000),
(726, 159, 4, 3, 1, 2200000),
(727, 160, 6, 1, 2, 3500000),
(728, 160, 6, 2, 2, 3200000),
(729, 160, 6, 3, 2, 3000000),
(730, 161, 6, 1, 2, 4500000),
(731, 161, 6, 2, 2, 4200000),
(732, 161, 6, 3, 2, 4000000),
(733, 162, 6, 1, 2, 5500000),
(734, 162, 6, 2, 2, 5200000),
(735, 162, 6, 3, 2, 4700000),
(736, 163, 6, 1, 2, 4700000),
(737, 163, 6, 2, 2, 4500000),
(738, 163, 6, 3, 2, 4200000),
(739, 164, 6, 1, 1, 3000000),
(740, 164, 6, 2, 1, 2800000),
(741, 164, 6, 3, 1, 2400000),
(742, 165, 7, 1, 2, 6000000),
(743, 165, 7, 2, 2, 5500000),
(744, 165, 7, 3, 2, 5000000),
(745, 166, 5, 2, 1, 1400000),
(746, 166, 5, 3, 1, 1150000),
(747, 167, 5, 2, 1, 1800000),
(748, 167, 5, 3, 1, 1500000),
(749, 168, 5, 2, 2, 2300000),
(750, 168, 5, 3, 2, 2100000),
(751, 169, 6, 2, 1, 2000000),
(752, 169, 6, 3, 1, 1750000),
(753, 170, 6, 2, 1, 2400000),
(754, 170, 6, 3, 1, 2000000),
(755, 171, 5, 2, 1, 2200000),
(756, 171, 5, 3, 1, 1900000),
(757, 172, 6, 2, 3, 2400000),
(758, 172, 6, 3, 3, 2000000),
(759, 173, 6, 1, 2, 3500000),
(760, 173, 6, 2, 2, 3300000),
(761, 173, 6, 3, 2, 3000000),
(762, 174, 6, 1, 1, 4000000),
(763, 174, 6, 2, 1, 3700000),
(764, 174, 6, 3, 1, 3500000),
(765, 175, 6, 1, 2, 2200000),
(766, 175, 6, 2, 2, 2000000),
(767, 175, 6, 3, 2, 1800000),
(768, 176, 5, 1, 1, 2400000),
(769, 176, 5, 2, 1, 2300000),
(770, 176, 5, 3, 1, 2100000),
(771, 176, 6, 1, 1, 2600000),
(772, 176, 6, 2, 1, 2500000),
(773, 176, 6, 3, 1, 2300000),
(774, 177, 6, 2, 1, 2600000),
(775, 177, 6, 3, 1, 2300000),
(776, 178, 4, 1, 2, 1300000),
(777, 178, 4, 2, 2, 1200000),
(778, 178, 4, 3, 2, 1000000),
(779, 179, 5, 2, 1, 1750000),
(780, 179, 5, 3, 1, 1250000),
(781, 180, 5, 2, 1, 1500000),
(782, 180, 5, 3, 1, 1000000),
(783, 181, 5, 2, 1, 1200000),
(784, 181, 5, 3, 1, 900000),
(785, 182, 5, 2, 1, 1250000),
(786, 182, 5, 3, 1, 950000),
(787, 183, 4, 2, 1, 800000),
(788, 183, 4, 3, 1, 600000),
(789, 184, 5, 2, 1, 1250000),
(790, 184, 5, 3, 1, 900000),
(791, 185, 5, 2, 1, 1150000),
(792, 185, 5, 3, 1, 1000000),
(793, 186, 7, 1, 2, 3700000),
(794, 186, 7, 2, 2, 3500000),
(795, 186, 7, 3, 2, 3300000),
(796, 187, 7, 2, 2, 4200000),
(797, 187, 7, 3, 2, 3700000),
(798, 188, 6, 1, 2, 3400000),
(799, 188, 6, 2, 2, 3200000),
(800, 188, 6, 3, 2, 3000000),
(801, 189, 6, 1, 2, 2550000),
(802, 189, 6, 2, 2, 2400000),
(803, 189, 6, 3, 2, 2000000),
(804, 190, 5, 1, 1, 3200000),
(805, 190, 5, 2, 1, 3000000),
(806, 190, 5, 3, 1, 2700000),
(807, 190, 6, 1, 1, 3700000),
(808, 190, 6, 2, 1, 3500000),
(809, 190, 6, 3, 1, 3200000),
(810, 191, 6, 1, 1, 2800000),
(811, 191, 6, 2, 1, 2600000),
(812, 191, 6, 3, 1, 2400000),
(813, 191, 5, 1, 2, 2500000),
(814, 191, 5, 2, 2, 2400000),
(815, 191, 5, 3, 2, 2250000),
(816, 192, 6, 1, 2, 2250000),
(817, 192, 6, 2, 2, 2100000),
(818, 192, 6, 3, 2, 1800000),
(819, 192, 5, 1, 2, 1900000),
(820, 192, 5, 2, 2, 1750000),
(821, 192, 5, 3, 2, 1500000),
(822, 193, 4, 1, 2, 900000),
(823, 193, 4, 2, 2, 750000),
(824, 193, 4, 3, 2, 650000),
(825, 193, 5, 1, 2, 1000000),
(826, 193, 5, 2, 2, 900000),
(827, 193, 5, 3, 2, 750000),
(828, 194, 4, 2, 1, 900000),
(829, 194, 4, 3, 1, 700000),
(830, 194, 3, 2, 1, 700000),
(831, 194, 3, 3, 1, 550000),
(832, 195, 4, 2, 2, 1050000),
(833, 195, 4, 3, 2, 850000),
(834, 195, 5, 2, 2, 1350000),
(835, 195, 5, 3, 2, 1000000),
(836, 196, 4, 2, 2, 950000),
(837, 196, 4, 3, 2, 800000),
(838, 197, 5, 1, 1, 3000000),
(839, 197, 5, 2, 1, 2850000),
(840, 197, 5, 3, 1, 2500000),
(841, 198, 6, 1, 1, 3300000),
(842, 198, 6, 2, 1, 3150000),
(843, 198, 6, 3, 1, 2700000),
(844, 199, 6, 1, 2, 2100000),
(845, 199, 6, 2, 2, 1950000),
(846, 199, 6, 3, 2, 1800000),
(847, 199, 5, 1, 2, 1800000),
(848, 199, 5, 2, 2, 1650000),
(849, 199, 5, 3, 2, 1500000),
(850, 200, 6, 1, 2, 2100000),
(851, 200, 6, 2, 2, 1900000),
(852, 200, 6, 3, 2, 1700000),
(853, 200, 5, 1, 2, 1600000),
(854, 200, 5, 2, 2, 1550000),
(855, 200, 5, 3, 2, 1300000),
(856, 201, 6, 1, 2, 1550000),
(857, 201, 6, 2, 2, 1450000),
(858, 201, 6, 3, 2, 1300000),
(859, 201, 5, 1, 2, 1450000),
(860, 201, 5, 2, 2, 1350000),
(861, 201, 5, 3, 2, 1250000),
(862, 202, 5, 1, 2, 1400000),
(863, 202, 5, 2, 2, 1250000),
(864, 202, 5, 3, 2, 1000000),
(865, 203, 5, 1, 1, 1400000),
(866, 203, 5, 2, 1, 1300000),
(867, 203, 5, 3, 1, 1000000),
(868, 204, 4, 1, 2, 900000),
(869, 204, 4, 2, 2, 750000),
(870, 204, 4, 3, 2, 650000),
(871, 204, 5, 1, 2, 1200000),
(872, 204, 5, 2, 2, 1150000),
(873, 204, 5, 3, 2, 1000000),
(874, 205, 4, 1, 3, 1100000),
(875, 205, 4, 2, 3, 1000000),
(876, 205, 4, 3, 3, 900000),
(877, 205, 5, 1, 3, 1300000),
(878, 205, 5, 2, 3, 1200000),
(879, 205, 5, 3, 3, 1000000),
(880, 206, 4, 1, 3, 1000000),
(881, 206, 4, 2, 3, 850000),
(882, 206, 4, 3, 3, 750000),
(883, 206, 5, 1, 2, 1400000),
(884, 206, 5, 2, 2, 1300000),
(885, 206, 5, 3, 2, 1000000),
(886, 206, 3, 2, 3, 650000),
(887, 206, 3, 3, 3, 500000),
(888, 207, 4, 1, 3, 1000000),
(889, 207, 4, 2, 3, 900000),
(890, 207, 4, 3, 3, 700000),
(891, 207, 3, 1, 3, 900000),
(892, 207, 3, 2, 3, 800000),
(893, 207, 3, 3, 3, 650000),
(894, 208, 3, 1, 3, 800000),
(895, 208, 3, 2, 3, 700000),
(896, 208, 3, 3, 3, 550000),
(897, 208, 4, 1, 3, 950000),
(898, 208, 4, 2, 3, 850000),
(899, 208, 4, 3, 3, 700000),
(900, 209, 4, 1, 3, 950000),
(901, 209, 4, 2, 3, 850000),
(902, 209, 4, 3, 3, 700000),
(903, 209, 3, 2, 3, 700000),
(904, 209, 3, 3, 3, 550000),
(905, 210, 4, 1, 3, 1050000),
(906, 210, 4, 2, 3, 950000),
(907, 210, 4, 3, 3, 750000),
(908, 211, 5, 1, 2, 1200000),
(909, 211, 5, 2, 2, 1100000),
(910, 211, 5, 3, 2, 900000),
(911, 212, 3, 1, 2, 800000),
(912, 212, 3, 2, 2, 700000),
(913, 212, 3, 3, 2, 500000),
(914, 212, 4, 1, 2, 900000),
(915, 212, 4, 2, 2, 800000),
(916, 212, 4, 3, 2, 650000),
(917, 213, 4, 1, 2, 950000),
(918, 213, 4, 2, 2, 900000),
(919, 213, 4, 3, 2, 750000),
(920, 213, 5, 1, 2, 1150000),
(921, 213, 5, 2, 2, 1050000),
(922, 213, 5, 3, 2, 900000),
(923, 214, 3, 2, 3, 650000),
(924, 214, 3, 3, 3, 500000),
(925, 214, 4, 1, 3, 900000),
(926, 214, 4, 2, 3, 800000),
(927, 214, 4, 3, 3, 600000),
(928, 215, 5, 1, 2, 1550000),
(929, 215, 5, 2, 2, 1450000),
(930, 215, 5, 3, 2, 1200000),
(931, 216, 6, 1, 1, 3100000),
(932, 216, 6, 2, 1, 2900000),
(933, 216, 6, 3, 1, 2500000),
(934, 216, 5, 1, 1, 2800000),
(935, 216, 5, 2, 1, 2600000),
(936, 216, 5, 3, 1, 2250000),
(937, 217, 5, 1, 2, 2500000),
(938, 217, 5, 2, 2, 2350000),
(939, 217, 5, 3, 2, 2000000),
(940, 218, 5, 1, 2, 1900000),
(941, 218, 5, 2, 2, 1800000),
(942, 218, 5, 3, 2, 1550000),
(943, 219, 5, 3, 2, 1700000),
(944, 220, 6, 1, 1, 4500000),
(945, 220, 6, 2, 1, 4300000),
(946, 220, 6, 3, 1, 4000000),
(947, 220, 7, 1, 1, 5000000),
(948, 220, 7, 2, 1, 4800000),
(949, 220, 7, 3, 1, 4500000),
(950, 186, 6, 1, 2, 3400000),
(951, 186, 6, 2, 2, 3250000),
(952, 186, 6, 3, 2, 3000000),
(953, 221, 6, 1, 2, 2800000),
(954, 221, 6, 2, 2, 2600000),
(955, 221, 6, 3, 2, 2400000),
(956, 222, 5, 2, 1, 1300000),
(957, 222, 5, 3, 1, 1150000),
(958, 222, 4, 2, 2, 1050000),
(959, 222, 4, 3, 2, 900000),
(960, 223, 6, 2, 2, 2000000),
(961, 223, 6, 3, 2, 1900000),
(962, 224, 5, 2, 2, 1850000),
(963, 224, 5, 3, 2, 1650000),
(964, 225, 5, 2, 3, 1500000),
(965, 225, 5, 3, 3, 1200000),
(966, 226, 5, 2, 1, 1500000),
(967, 226, 5, 3, 1, 1300000),
(968, 227, 4, 2, 2, 1000000),
(969, 227, 4, 3, 2, 800000),
(970, 228, 4, 2, 2, 1000000),
(971, 228, 4, 3, 2, 800000),
(972, 228, 5, 2, 1, 1200000),
(973, 228, 5, 3, 1, 1000000),
(974, 229, 6, 1, 2, 2200000),
(975, 229, 6, 2, 2, 2100000),
(976, 229, 6, 3, 2, 1900000),
(977, 229, 5, 1, 2, 1850000),
(978, 229, 5, 2, 2, 1700000),
(979, 229, 5, 3, 2, 1500000),
(980, 230, 5, 1, 2, 1400000),
(981, 230, 5, 2, 2, 1300000),
(982, 230, 5, 3, 2, 1200000),
(983, 231, 5, 1, 2, 1900000),
(984, 231, 5, 2, 2, 1750000),
(985, 231, 5, 3, 2, 1500000),
(986, 232, 5, 1, 3, 1600000),
(987, 232, 5, 2, 3, 1450000),
(988, 232, 5, 3, 3, 1300000),
(989, 233, 4, 1, 3, 1250000),
(990, 233, 4, 2, 3, 1150000),
(991, 233, 4, 3, 3, 1000000),
(992, 233, 5, 2, 2, 1400000),
(993, 233, 5, 3, 2, 1200000),
(994, 234, 5, 2, 2, 1200000),
(995, 234, 5, 3, 2, 1000000),
(996, 235, 5, 2, 2, 1000000),
(997, 235, 5, 3, 2, 800000),
(998, 236, 4, 2, 2, 900000),
(999, 236, 4, 3, 2, 700000),
(1000, 237, 4, 2, 1, 800000),
(1001, 237, 4, 3, 1, 700000),
(1002, 238, 5, 2, 2, 1300000),
(1003, 238, 5, 3, 2, 1200000),
(1004, 239, 5, 2, 1, 900000),
(1005, 239, 5, 3, 1, 750000),
(1006, 240, 5, 1, 2, 1300000),
(1007, 240, 5, 2, 2, 1200000),
(1008, 240, 5, 3, 2, 1100000),
(1009, 241, 4, 1, 2, 900000),
(1010, 241, 4, 2, 2, 800000),
(1011, 241, 4, 3, 2, 700000),
(1012, 241, 5, 2, 2, 1000000),
(1013, 241, 5, 3, 2, 900000),
(1014, 242, 3, 2, 1, 800000),
(1015, 242, 3, 3, 1, 700000),
(1016, 243, 3, 2, 3, 800000),
(1017, 243, 3, 3, 3, 600000),
(1018, 243, 4, 1, 1, 900000),
(1019, 243, 4, 2, 1, 800000),
(1020, 243, 4, 3, 1, 700000),
(1021, 243, 5, 1, 1, 1300000),
(1022, 243, 5, 2, 1, 1200000),
(1023, 243, 5, 3, 1, 800000),
(1024, 244, 3, 2, 3, 700000),
(1025, 244, 3, 3, 3, 600000),
(1026, 244, 4, 2, 3, 800000),
(1027, 244, 4, 3, 3, 650000),
(1028, 245, 4, 2, 3, 800000),
(1029, 245, 4, 3, 3, 650000),
(1030, 245, 3, 2, 3, 700000),
(1031, 245, 3, 3, 3, 500000),
(1032, 246, 4, 2, 3, 800000),
(1033, 246, 4, 3, 3, 600000),
(1034, 247, 3, 2, 3, 600000),
(1035, 247, 3, 3, 3, 550000),
(1036, 248, 4, 2, 3, 700000),
(1037, 248, 4, 3, 3, 600000),
(1038, 248, 3, 2, 3, 550000),
(1039, 248, 3, 3, 3, 450000),
(1040, 249, 6, 1, 1, 2800000),
(1041, 249, 6, 2, 1, 2600000),
(1042, 249, 6, 3, 1, 2400000),
(1043, 249, 5, 1, 1, 2600000),
(1044, 249, 5, 2, 1, 2400000),
(1045, 249, 5, 3, 1, 2200000),
(1046, 250, 3, 1, 3, 800000),
(1047, 250, 3, 2, 3, 700000),
(1048, 250, 3, 3, 3, 600000),
(1049, 251, 3, 2, 3, 899000),
(1050, 251, 3, 3, 3, 850000),
(1051, 252, 6, 1, 1, 5300000),
(1052, 252, 6, 2, 1, 5000000),
(1053, 252, 6, 3, 1, 4800000),
(1054, 253, 5, 1, 1, 2250000),
(1055, 253, 5, 2, 1, 2050000),
(1056, 253, 5, 3, 1, 1800000),
(1057, 254, 6, 1, 2, 1800000),
(1058, 254, 6, 2, 2, 1600000),
(1059, 254, 6, 3, 2, 1400000),
(1060, 255, 3, 3, 3, 800000),
(1061, 256, 4, 1, 2, 900000),
(1062, 256, 4, 2, 2, 800000),
(1063, 256, 4, 3, 2, 700000),
(1064, 257, 7, 1, 1, 6500000),
(1065, 257, 7, 2, 1, 6000000),
(1066, 257, 7, 3, 1, 5500000),
(1067, 258, 6, 1, 2, 4700000),
(1068, 258, 6, 2, 2, 4500000),
(1069, 258, 6, 3, 2, 4200000),
(1070, 258, 7, 1, 2, 5300000),
(1071, 258, 7, 2, 2, 5000000),
(1072, 258, 7, 3, 2, 4700000),
(1073, 259, 6, 1, 2, 2700000),
(1074, 259, 6, 2, 2, 2600000),
(1075, 259, 6, 3, 2, 2400000),
(1076, 260, 6, 1, 2, 3500000),
(1077, 260, 6, 2, 2, 3200000),
(1078, 260, 6, 3, 2, 3000000),
(1079, 260, 7, 1, 2, 4500000),
(1080, 260, 7, 2, 2, 4300000),
(1081, 260, 7, 3, 2, 4000000),
(1082, 261, 6, 1, 2, 2600000),
(1083, 261, 6, 2, 1, 2450000),
(1084, 261, 6, 3, 2, 2300000),
(1085, 262, 6, 1, 2, 3200000),
(1086, 262, 6, 2, 2, 3000000),
(1087, 262, 6, 3, 2, 2700000),
(1088, 263, 6, 1, 2, 3000000),
(1089, 263, 6, 2, 2, 2800000),
(1090, 263, 6, 3, 2, 2500000),
(1091, 264, 6, 2, 1, 2250000),
(1092, 264, 6, 3, 1, 1900000),
(1093, 264, 5, 2, 1, 2000000),
(1094, 264, 5, 3, 1, 1750000),
(1095, 265, 5, 2, 1, 2200000),
(1096, 265, 5, 3, 1, 2000000),
(1097, 266, 6, 1, 1, 4350000),
(1098, 266, 6, 2, 1, 4100000),
(1099, 266, 6, 3, 1, 3700000),
(1100, 267, 6, 1, 1, 3000000),
(1101, 267, 6, 2, 1, 2700000),
(1102, 267, 6, 3, 1, 2200000),
(1103, 268, 5, 2, 2, 1600000),
(1104, 268, 5, 3, 2, 1500000),
(1105, 269, 5, 2, 1, 2000000),
(1106, 269, 5, 3, 1, 1800000),
(1107, 270, 5, 2, 1, 2000000),
(1108, 270, 5, 3, 1, 1750000),
(1109, 271, 5, 2, 2, 1700000),
(1110, 271, 5, 3, 2, 1500000),
(1111, 272, 5, 2, 1, 1650000),
(1112, 272, 5, 3, 1, 1400000),
(1113, 273, 5, 2, 1, 1500000),
(1114, 273, 5, 3, 1, 1200000),
(1115, 274, 6, 1, 2, 2650000),
(1116, 274, 6, 2, 2, 2500000),
(1117, 274, 6, 3, 2, 2300000),
(1118, 274, 5, 1, 1, 2450000),
(1119, 274, 5, 2, 1, 2300000),
(1120, 274, 5, 3, 1, 2000000),
(1121, 275, 5, 1, 1, 2100000),
(1122, 275, 5, 2, 1, 1950000),
(1123, 275, 5, 3, 1, 1700000),
(1124, 276, 6, 1, 2, 3500000),
(1125, 276, 6, 2, 2, 3250000),
(1126, 276, 6, 3, 2, 3000000),
(1127, 277, 6, 1, 2, 4700000),
(1128, 277, 6, 2, 2, 4550000),
(1129, 277, 6, 3, 2, 4300000),
(1130, 278, 4, 1, 2, 2150000),
(1131, 278, 4, 2, 2, 2000000),
(1132, 278, 4, 3, 2, 1750000),
(1133, 279, 5, 1, 3, 2350000),
(1134, 279, 5, 2, 3, 2150000),
(1135, 279, 5, 3, 3, 1900000),
(1136, 280, 5, 1, 2, 1450000),
(1137, 280, 5, 2, 2, 1350000),
(1138, 280, 5, 3, 2, 1200000),
(1139, 281, 4, 1, 2, 1750000),
(1140, 281, 4, 2, 2, 1600000),
(1141, 281, 4, 3, 2, 1250000),
(1142, 282, 3, 2, 3, 700000),
(1143, 282, 3, 3, 3, 500000),
(1144, 282, 4, 2, 3, 900000),
(1145, 282, 4, 3, 3, 700000),
(1146, 283, 5, 2, 1, 2250000),
(1147, 283, 5, 3, 1, 1900000),
(1148, 283, 6, 2, 2, 2500000),
(1149, 283, 6, 3, 2, 2300000),
(1150, 284, 5, 2, 2, 3000000),
(1151, 284, 5, 3, 2, 2800000),
(1152, 284, 6, 2, 2, 3300000),
(1153, 284, 6, 3, 2, 3000000),
(1154, 285, 6, 1, 1, 5500000),
(1155, 285, 6, 2, 1, 5400000),
(1156, 285, 6, 3, 1, 4700000),
(1157, 286, 4, 2, 2, 900000),
(1158, 286, 4, 3, 2, 650000),
(1159, 287, 4, 2, 3, 1000000),
(1160, 287, 4, 3, 3, 800000),
(1161, 287, 5, 2, 2, 1400000),
(1162, 287, 5, 3, 2, 1250000),
(1163, 288, 5, 2, 3, 1700000),
(1164, 288, 5, 3, 3, 1400000),
(1165, 288, 6, 2, 3, 2000000),
(1166, 288, 6, 3, 3, 1700000),
(1167, 289, 5, 1, 3, 1300000),
(1168, 289, 5, 2, 3, 1200000),
(1169, 289, 5, 3, 3, 1000000),
(1170, 289, 4, 1, 3, 1000000),
(1171, 289, 4, 2, 3, 900000),
(1172, 289, 4, 3, 3, 900000),
(1173, 290, 4, 2, 3, 1000000),
(1174, 290, 4, 3, 3, 700000),
(1175, 290, 5, 2, 3, 1300000),
(1176, 290, 5, 3, 3, 1000000),
(1177, 291, 6, 2, 2, 2500000),
(1178, 291, 6, 3, 2, 2300000),
(1179, 292, 5, 2, 2, 1700000),
(1180, 292, 5, 3, 2, 1400000),
(1181, 292, 6, 2, 1, 2000000),
(1182, 292, 6, 3, 1, 1700000),
(1183, 293, 5, 1, 1, 1900000),
(1184, 293, 5, 2, 1, 1700000),
(1185, 293, 5, 3, 1, 1500000),
(1186, 293, 6, 1, 1, 2200000),
(1187, 293, 6, 2, 1, 2000000),
(1188, 293, 6, 3, 1, 1700000),
(1189, 294, 4, 2, 3, 800000),
(1190, 294, 4, 3, 3, 700000),
(1191, 294, 5, 2, 3, 1000000),
(1192, 294, 5, 3, 3, 800000),
(1193, 295, 5, 2, 3, 1000000),
(1194, 295, 5, 3, 3, 900000),
(1195, 296, 5, 2, 3, 1100000),
(1196, 296, 5, 3, 3, 1000000),
(1197, 297, 3, 2, 3, 500000),
(1198, 297, 3, 3, 3, 400000),
(1199, 297, 4, 2, 3, 800000),
(1200, 297, 4, 3, 3, 700000),
(1201, 298, 4, 2, 3, 600000),
(1202, 298, 4, 3, 3, 500000),
(1203, 299, 5, 2, 3, 700000),
(1204, 299, 5, 3, 3, 600000),
(1205, 299, 4, 2, 3, 700000),
(1206, 299, 4, 3, 3, 600000),
(1207, 300, 5, 1, 2, 1400000),
(1208, 300, 5, 2, 2, 1300000),
(1209, 300, 5, 3, 2, 1200000),
(1210, 300, 6, 1, 2, 1600000),
(1211, 300, 6, 2, 2, 1500000),
(1212, 300, 6, 3, 2, 1350000),
(1213, 301, 3, 1, 2, 850000),
(1214, 301, 3, 2, 2, 800000),
(1215, 301, 3, 3, 2, 600000),
(1216, 302, 5, 1, 2, 1000000),
(1217, 302, 5, 2, 2, 900000),
(1218, 302, 5, 3, 2, 750000),
(1219, 302, 4, 1, 2, 850000),
(1220, 302, 4, 2, 2, 750000),
(1221, 302, 4, 3, 2, 650000),
(1222, 303, 3, 1, 1, 900000),
(1223, 303, 3, 2, 2, 800000),
(1224, 303, 3, 3, 2, 600000),
(1225, 303, 4, 2, 1, 900000),
(1226, 303, 4, 3, 1, 700000),
(1227, 304, 3, 2, 3, 600000),
(1228, 304, 3, 3, 3, 400000),
(1229, 305, 3, 1, 3, 800000),
(1230, 305, 3, 2, 3, 700000),
(1231, 305, 3, 3, 3, 500000),
(1232, 306, 3, 1, 3, 900000),
(1233, 306, 3, 2, 3, 800000),
(1234, 306, 3, 3, 3, 600000),
(1235, 306, 4, 2, 3, 1000000),
(1236, 306, 4, 3, 3, 850000),
(1237, 307, 3, 2, 3, 650000),
(1238, 307, 3, 3, 3, 550000),
(1239, 308, 3, 1, 3, 750000),
(1240, 308, 3, 2, 3, 700000),
(1241, 308, 3, 3, 3, 600000),
(1242, 309, 3, 1, 2, 700000),
(1243, 309, 3, 2, 2, 600000),
(1244, 309, 3, 3, 2, 550000),
(1245, 309, 4, 1, 1, 700000),
(1246, 309, 4, 2, 1, 650000),
(1247, 309, 4, 3, 1, 500000),
(1248, 310, 5, 2, 3, 1200000),
(1249, 310, 5, 3, 3, 1000000),
(1250, 311, 5, 2, 3, 1300000),
(1251, 311, 5, 3, 3, 1100000),
(1252, 312, 4, 2, 2, 1000000),
(1253, 312, 4, 3, 2, 900000),
(1254, 312, 5, 2, 3, 1100000),
(1255, 312, 5, 3, 3, 1000000),
(1256, 314, 5, 2, 3, 800000),
(1257, 314, 5, 3, 3, 700000),
(1258, 314, 4, 2, 2, 900000),
(1259, 314, 4, 3, 2, 800000),
(1260, 315, 5, 2, 3, 1200000),
(1261, 315, 5, 3, 3, 1100000),
(1262, 316, 5, 2, 3, 1200000),
(1263, 316, 5, 3, 3, 1100000),
(1264, 317, 5, 2, 3, 1350000),
(1265, 317, 5, 3, 3, 1100000),
(1266, 318, 5, 2, 3, 1800000),
(1267, 318, 5, 3, 3, 1600000),
(1268, 319, 5, 2, 2, 1400000),
(1269, 319, 5, 3, 2, 1200000),
(1270, 320, 5, 2, 2, 1700000),
(1271, 320, 5, 3, 2, 1600000),
(1272, 321, 5, 1, 1, 1200000),
(1273, 321, 5, 2, 1, 1100000),
(1274, 321, 5, 3, 1, 1000000),
(1275, 322, 5, 1, 2, 1500000),
(1276, 322, 5, 2, 2, 1400000),
(1277, 322, 5, 3, 2, 1200000),
(1278, 323, 5, 1, 2, 1700000),
(1279, 323, 5, 1, 2, 1600000),
(1280, 323, 5, 2, 2, 1500000),
(1281, 323, 6, 1, 2, 1900000),
(1282, 323, 6, 2, 2, 1800000),
(1283, 323, 6, 3, 2, 1700000),
(1284, 324, 6, 1, 1, 3000000),
(1285, 324, 6, 2, 1, 2700000),
(1286, 324, 6, 3, 1, 2500000),
(1287, 325, 5, 1, 2, 1700000),
(1288, 325, 5, 2, 2, 1600000),
(1289, 325, 5, 3, 2, 1300000),
(1290, 325, 6, 1, 2, 2600000),
(1291, 325, 6, 2, 2, 2400000),
(1292, 325, 6, 3, 2, 2000000),
(1293, 326, 6, 1, 2, 2300000),
(1294, 326, 6, 2, 2, 2200000),
(1295, 326, 6, 3, 2, 2000000),
(1296, 327, 6, 1, 2, 2100000),
(1297, 327, 6, 2, 2, 2000000),
(1298, 327, 6, 3, 2, 1700000),
(1299, 328, 6, 1, 2, 3300000),
(1300, 328, 6, 2, 2, 3200000),
(1301, 328, 6, 3, 2, 3000000),
(1302, 329, 6, 1, 2, 3100000),
(1303, 329, 6, 2, 2, 3000000),
(1304, 329, 6, 3, 2, 2700000),
(1305, 330, 7, 1, 1, 4500000),
(1306, 330, 7, 2, 1, 4200000),
(1307, 330, 7, 3, 1, 4000000),
(1308, 331, 4, 2, 1, 1200000),
(1309, 331, 4, 3, 1, 1000000),
(1310, 332, 5, 1, 2, 2400000),
(1311, 332, 5, 2, 2, 2200000),
(1312, 332, 5, 3, 2, 1750000),
(1313, 333, 6, 1, 1, 3750000),
(1314, 333, 6, 2, 1, 3500000),
(1315, 333, 6, 3, 1, 3250000),
(1316, 334, 6, 1, 1, 4650000),
(1317, 334, 6, 2, 1, 4500000),
(1318, 334, 6, 3, 1, 4000000),
(1319, 335, 6, 1, 1, 4200000),
(1320, 335, 6, 2, 1, 3950000),
(1321, 335, 6, 3, 1, 3600000),
(1322, 336, 6, 1, 1, 5350000),
(1323, 336, 6, 2, 1, 5150000),
(1324, 336, 6, 3, 1, 4700000),
(1325, 337, 6, 1, 1, 3750000),
(1326, 337, 6, 2, 1, 3500000),
(1327, 337, 6, 3, 1, 3350000),
(1328, 338, 6, 1, 2, 5300000),
(1329, 338, 6, 2, 2, 5000000),
(1330, 338, 6, 3, 2, 4700000),
(1331, 339, 3, 2, 2, 800000),
(1332, 339, 3, 3, 2, 700000),
(1333, 340, 3, 1, 3, 800000),
(1334, 340, 3, 2, 3, 700000),
(1335, 340, 3, 3, 3, 500000),
(1336, 341, 5, 1, 2, 1200000),
(1337, 341, 5, 2, 2, 1100000),
(1338, 341, 5, 3, 2, 800000),
(1339, 341, 4, 1, 3, 1000000),
(1340, 341, 4, 2, 3, 900000),
(1341, 341, 4, 3, 3, 700000),
(1342, 342, 3, 2, 3, 650000),
(1343, 342, 3, 3, 3, 400000),
(1344, 343, 3, 1, 3, 800000),
(1345, 343, 3, 2, 3, 700000),
(1346, 343, 3, 3, 3, 500000),
(1347, 343, 4, 1, 2, 1000000),
(1348, 343, 4, 2, 2, 900000),
(1349, 343, 4, 3, 2, 750000),
(1350, 344, 4, 1, 3, 1000000),
(1351, 344, 4, 2, 3, 850000),
(1352, 344, 4, 3, 3, 650000),
(1353, 345, 5, 1, 1, 1400000),
(1354, 345, 5, 2, 1, 1300000),
(1355, 345, 5, 3, 1, 1100000),
(1356, 345, 4, 1, 3, 1300000),
(1357, 345, 4, 2, 3, 1250000),
(1358, 345, 4, 3, 3, 1000000),
(1359, 346, 3, 1, 3, 750000),
(1360, 346, 3, 2, 3, 650000),
(1361, 346, 3, 3, 3, 550000),
(1362, 346, 4, 1, 1, 850000),
(1363, 346, 4, 2, 1, 750000),
(1364, 346, 4, 3, 1, 600000),
(1365, 347, 5, 1, 2, 1200000),
(1366, 347, 5, 2, 2, 1100000),
(1367, 347, 5, 3, 2, 1000000),
(1368, 347, 4, 1, 2, 950000),
(1369, 347, 4, 2, 2, 850000),
(1370, 347, 4, 3, 2, 750000),
(1371, 348, 5, 1, 2, 1400000),
(1372, 348, 5, 2, 2, 1300000),
(1373, 348, 5, 3, 2, 1150000),
(1374, 349, 5, 1, 2, 1600000),
(1375, 349, 5, 2, 2, 1500000),
(1376, 349, 5, 3, 2, 1300000),
(1377, 350, 5, 1, 2, 1000000),
(1378, 350, 5, 2, 2, 900000),
(1379, 350, 5, 3, 2, 700000),
(1380, 351, 5, 1, 2, 1200000),
(1381, 351, 5, 2, 2, 1000000),
(1382, 351, 5, 3, 2, 800000),
(1383, 352, 5, 1, 3, 1100000),
(1384, 352, 5, 2, 3, 1000000),
(1385, 352, 5, 3, 3, 800000),
(1386, 353, 5, 1, 3, 1300000),
(1387, 353, 5, 2, 3, 1200000),
(1388, 353, 5, 3, 3, 1000000),
(1389, 354, 5, 1, 3, 1800000),
(1390, 354, 5, 2, 3, 1700000),
(1391, 354, 5, 3, 3, 1500000),
(1392, 355, 5, 1, 2, 1300000),
(1393, 355, 5, 2, 2, 1200000),
(1394, 355, 5, 3, 2, 1000000),
(1395, 356, 5, 1, 2, 1500000),
(1396, 356, 5, 2, 2, 1400000),
(1397, 356, 5, 3, 2, 1200000),
(1398, 357, 6, 1, 2, 2600000),
(1399, 357, 6, 2, 2, 2500000),
(1400, 357, 6, 3, 2, 2200000),
(1401, 358, 5, 1, 2, 2000000),
(1402, 358, 5, 2, 2, 1800000),
(1403, 358, 5, 3, 2, 1500000),
(1404, 358, 6, 1, 2, 2300000),
(1405, 358, 6, 2, 2, 2200000),
(1406, 358, 6, 3, 2, 2000000),
(1407, 359, 5, 1, 1, 1600000),
(1408, 359, 5, 2, 1, 1500000),
(1409, 359, 5, 3, 1, 1300000),
(1410, 360, 5, 1, 2, 1800000),
(1411, 360, 5, 2, 2, 1600000),
(1412, 360, 5, 3, 2, 1400000),
(1413, 361, 5, 1, 2, 1800000),
(1414, 361, 5, 2, 2, 1600000),
(1415, 361, 5, 3, 2, 1400000),
(1416, 362, 5, 1, 2, 2000000),
(1417, 362, 5, 2, 2, 1900000),
(1418, 362, 5, 3, 2, 1700000),
(1419, 363, 5, 1, 3, 1500000),
(1420, 363, 5, 2, 3, 1350000),
(1421, 363, 5, 3, 3, 1200000),
(1422, 364, 5, 1, 2, 2300000),
(1423, 364, 5, 2, 2, 2100000),
(1424, 364, 5, 3, 2, 1700000),
(1425, 365, 5, 1, 2, 3000000),
(1426, 365, 5, 2, 2, 2900000),
(1427, 365, 5, 3, 2, 2700000),
(1428, 365, 6, 1, 2, 3200000),
(1429, 365, 6, 2, 2, 3100000),
(1430, 365, 6, 3, 2, 3000000),
(1431, 366, 5, 2, 2, 1600000),
(1432, 366, 5, 3, 2, 1300000),
(1433, 367, 5, 2, 2, 1800000),
(1434, 367, 5, 3, 2, 1600000),
(1435, 368, 5, 1, 2, 2150000),
(1436, 368, 5, 2, 2, 2000000),
(1437, 368, 5, 3, 2, 1700000),
(1438, 369, 5, 1, 2, 2550000),
(1439, 369, 5, 2, 2, 2400000),
(1440, 369, 5, 3, 2, 1900000),
(1441, 369, 6, 1, 2, 2750000),
(1442, 369, 6, 2, 2, 2600000),
(1443, 369, 6, 3, 2, 2000000),
(1444, 370, 5, 1, 2, 3550000),
(1445, 370, 5, 2, 2, 3250000),
(1446, 370, 5, 3, 2, 2850000),
(1447, 370, 6, 1, 2, 3800000),
(1448, 370, 6, 2, 2, 3700000),
(1449, 370, 6, 3, 2, 3200000),
(1450, 371, 6, 1, 2, 3700000),
(1451, 371, 6, 2, 2, 3500000),
(1452, 371, 6, 3, 2, 3200000),
(1453, 372, 5, 1, 1, 2700000),
(1454, 372, 5, 2, 1, 2500000),
(1455, 372, 5, 3, 1, 2000000),
(1456, 373, 6, 1, 2, 3250000),
(1457, 373, 6, 2, 2, 3000000),
(1458, 373, 6, 3, 2, 2600000),
(1459, 374, 5, 1, 2, 2700000),
(1460, 374, 5, 2, 2, 2550000),
(1461, 374, 5, 3, 2, 2000000),
(1462, 374, 6, 1, 2, 3150000),
(1463, 374, 6, 2, 2, 3000000),
(1464, 374, 6, 3, 2, 2600000),
(1465, 375, 5, 1, 2, 3700000),
(1466, 375, 5, 2, 2, 3500000),
(1467, 375, 5, 3, 2, 3200000),
(1468, 375, 6, 1, 2, 4000000),
(1469, 375, 6, 2, 2, 3700000),
(1470, 375, 6, 3, 2, 3500000),
(1471, 376, 5, 1, 2, 4600000),
(1472, 376, 5, 2, 2, 4400000),
(1473, 376, 5, 3, 2, 4200000),
(1474, 376, 6, 1, 2, 4800000),
(1475, 376, 6, 2, 2, 4700000),
(1476, 376, 6, 3, 2, 3500000),
(1477, 377, 6, 1, 2, 4850000),
(1478, 377, 6, 2, 2, 4600000),
(1479, 377, 6, 3, 2, 4000000),
(1480, 378, 5, 1, 1, 4500000),
(1481, 378, 5, 2, 1, 4000000),
(1482, 378, 5, 3, 1, 3500000),
(1483, 378, 6, 1, 1, 5000000),
(1484, 378, 6, 2, 1, 4500000),
(1485, 378, 6, 3, 1, 4000000),
(1486, 379, 6, 2, 1, 6650000),
(1487, 379, 6, 3, 1, 6000000),
(1488, 380, 6, 2, 1, 7000000),
(1489, 380, 6, 3, 1, 6600000),
(1490, 381, 6, 2, 1, 9000000),
(1491, 381, 6, 3, 1, 8000000),
(1492, 381, 7, 2, 1, 9500000),
(1493, 381, 7, 3, 1, 8750000),
(1494, 382, 5, 2, 1, 7500000),
(1495, 382, 5, 3, 1, 6700000),
(1496, 383, 5, 1, 2, 7000000),
(1497, 383, 5, 2, 2, 6500000),
(1498, 383, 5, 3, 2, 6000000),
(1499, 383, 6, 1, 2, 8000000),
(1500, 383, 6, 2, 2, 7500000),
(1501, 383, 6, 3, 2, 7000000),
(1502, 384, 6, 1, 2, 9500000),
(1503, 384, 6, 2, 2, 9000000),
(1504, 384, 6, 3, 2, 8500000),
(1505, 384, 7, 1, 1, 10500000),
(1506, 384, 7, 2, 1, 10000000),
(1507, 384, 7, 3, 1, 9500000),
(1508, 385, 6, 1, 1, 13000000),
(1509, 385, 6, 2, 1, 12500000),
(1510, 385, 6, 3, 1, 12000000),
(1511, 385, 7, 1, 2, 14000000),
(1512, 385, 7, 2, 2, 13500000),
(1513, 385, 7, 3, 2, 13000000),
(1514, 386, 5, 2, 2, 5600000),
(1515, 386, 5, 3, 2, 5200000),
(1516, 386, 6, 2, 2, 6000000),
(1517, 386, 6, 3, 2, 5600000),
(1518, 387, 6, 1, 1, 7000000),
(1519, 387, 6, 2, 1, 6500000),
(1520, 387, 6, 3, 1, 6000000),
(1521, 387, 7, 1, 1, 8000000),
(1522, 387, 7, 2, 1, 7500000),
(1523, 387, 7, 3, 1, 7000000),
(1524, 388, 6, 2, 1, 11500000),
(1525, 388, 6, 3, 1, 10500000),
(1526, 388, 7, 2, 1, 12500000),
(1527, 388, 7, 3, 1, 11500000),
(1528, 389, 4, 1, 1, 1250000),
(1529, 389, 4, 2, 1, 1150000),
(1530, 389, 4, 3, 1, 1000000),
(1531, 390, 5, 1, 1, 2150000),
(1532, 390, 5, 2, 1, 2000000),
(1533, 390, 5, 3, 1, 1750000),
(1534, 391, 5, 1, 2, 2050000),
(1535, 391, 5, 2, 2, 1950000),
(1536, 391, 5, 3, 2, 1850000),
(1537, 392, 5, 1, 2, 2200000),
(1538, 392, 5, 2, 2, 2000000),
(1539, 392, 5, 3, 2, 1850000),
(1540, 393, 6, 1, 2, 5000000),
(1541, 393, 6, 2, 2, 4500000),
(1542, 393, 6, 3, 2, 4000000),
(1543, 394, 5, 1, 1, 3250000),
(1544, 394, 5, 2, 1, 3000000),
(1545, 394, 5, 3, 1, 2750000),
(1546, 395, 6, 2, 1, 4000000),
(1547, 395, 6, 3, 1, 3500000),
(1548, 396, 5, 2, 2, 4500000),
(1549, 396, 5, 3, 2, 4000000),
(1550, 396, 6, 2, 1, 5000000),
(1551, 396, 6, 3, 1, 4500000),
(1552, 397, 6, 2, 1, 6500000),
(1553, 397, 6, 3, 1, 6000000),
(1554, 398, 5, 1, 2, 6000000),
(1555, 398, 5, 2, 2, 5500000),
(1556, 398, 5, 3, 2, 5000000),
(1557, 398, 6, 1, 2, 7000000),
(1558, 398, 6, 2, 2, 6500000),
(1559, 398, 6, 3, 2, 6000000),
(1560, 399, 6, 1, 1, 10500000),
(1561, 399, 6, 2, 1, 10000000),
(1562, 399, 6, 3, 1, 9500000),
(1563, 399, 7, 1, 1, 11500000),
(1564, 399, 7, 2, 1, 11000000),
(1565, 399, 7, 3, 1, 10500000),
(1566, 400, 6, 1, 1, 12500000),
(1567, 400, 6, 2, 1, 12000000),
(1568, 400, 6, 3, 1, 11500000),
(1569, 400, 7, 1, 1, 13500000),
(1570, 400, 7, 2, 1, 13000000),
(1571, 400, 7, 3, 1, 12500000),
(1572, 401, 8, 1, 1, 20000000),
(1573, 401, 8, 2, 1, 19500000),
(1574, 401, 8, 3, 1, 19000000),
(1575, 401, 6, 1, 2, 17500000),
(1576, 401, 6, 2, 2, 17000000),
(1577, 401, 6, 3, 2, 16500000),
(1578, 401, 7, 1, 2, 18500000),
(1579, 401, 7, 2, 2, 18000000),
(1580, 401, 7, 3, 2, 17500000),
(1581, 402, 3, 1, 1, 1400000),
(1582, 402, 3, 2, 1, 1200000),
(1583, 402, 3, 3, 1, 1000000),
(1584, 403, 5, 1, 1, 2000000),
(1585, 403, 5, 2, 1, 1900000),
(1586, 404, 5, 1, 1, 3300000),
(1587, 404, 5, 2, 1, 3000000),
(1588, 404, 5, 3, 1, 2700000),
(1589, 405, 5, 1, 1, 7500000),
(1590, 405, 5, 2, 1, 7000000),
(1591, 405, 5, 3, 1, 6000000),
(1592, 406, 6, 1, 1, 7500000),
(1593, 406, 6, 2, 1, 7000000),
(1594, 406, 6, 3, 1, 6500000),
(1595, 406, 5, 1, 1, 5300000),
(1596, 406, 5, 2, 1, 5000000),
(1597, 406, 5, 3, 1, 4500000),
(1598, 407, 5, 1, 1, 5700000),
(1599, 407, 5, 2, 1, 5400000),
(1600, 407, 5, 3, 1, 5000000),
(1601, 408, 5, 1, 1, 4800000),
(1602, 408, 5, 2, 1, 4500000),
(1603, 408, 5, 3, 1, 4300000),
(1604, 387, 5, 2, 1, 6500000),
(1605, 387, 5, 3, 1, 6000000),
(1606, 409, 6, 1, 2, 10500000),
(1607, 409, 6, 2, 2, 10000000),
(1608, 409, 6, 3, 2, 9500000),
(1609, 409, 7, 1, 2, 11500000),
(1610, 409, 7, 2, 2, 11000000),
(1611, 409, 7, 3, 2, 10500000),
(1612, 410, 6, 2, 1, 8500000),
(1613, 410, 6, 3, 1, 8000000),
(1614, 410, 7, 2, 2, 9500000),
(1615, 410, 7, 3, 2, 9000000),
(1616, 411, 8, 1, 1, 21500000),
(1617, 411, 8, 2, 1, 21000000),
(1618, 411, 8, 3, 1, 20500000),
(1619, 411, 6, 1, 2, 18000000),
(1620, 411, 6, 2, 2, 17500000),
(1621, 411, 6, 3, 2, 17000000),
(1622, 411, 7, 1, 1, 20000000),
(1623, 411, 7, 2, 1, 19500000),
(1624, 411, 7, 3, 1, 19000000);

-- --------------------------------------------------------

--
-- Table structure for table `tbl_kondisi`
--

CREATE TABLE `tbl_kondisi` (
  `id_kondisi` int(11) NOT NULL,
  `nama_kondisi` varchar(10) NOT NULL
) ENGINE=InnoDB DEFAULT CHARSET=utf8mb4;

--
-- Dumping data for table `tbl_kondisi`
--

INSERT INTO `tbl_kondisi` (`id_kondisi`, `nama_kondisi`) VALUES
(1, '95%'),
(2, '90%'),
(3, '85%'),
(4, '75%');

-- --------------------------------------------------------

--
-- Table structure for table `tbl_kualifikasi`
--

CREATE TABLE `tbl_kualifikasi` (
  `id_kualifikasi` int(11) NOT NULL,
  `nama_kualifikasi` varchar(30) NOT NULL
) ENGINE=InnoDB DEFAULT CHARSET=utf8mb4;

--
-- Dumping data for table `tbl_kualifikasi`
--

INSERT INTO `tbl_kualifikasi` (`id_kualifikasi`, `nama_kualifikasi`) VALUES
(1, 'Slow Moving'),
(2, 'Medium Moving'),
(3, 'Fast Moving');

-- --------------------------------------------------------

--
-- Table structure for table `tbl_memori`
--

CREATE TABLE `tbl_memori` (
  `id_memori` int(11) NOT NULL,
  `nama_memori` varchar(10) NOT NULL
) ENGINE=InnoDB DEFAULT CHARSET=utf8mb4;

--
-- Dumping data for table `tbl_memori`
--

INSERT INTO `tbl_memori` (`id_memori`, `nama_memori`) VALUES
(3, '32GB'),
(4, '64GB'),
(5, '128GB'),
(6, '256GB'),
(7, '512GB'),
(8, '1TB'),
(10, 'Lainnya');

-- --------------------------------------------------------

--
-- Table structure for table `tbl_menu`
--

CREATE TABLE `tbl_menu` (
  `id_menu` int(11) NOT NULL,
  `title` varchar(50) NOT NULL,
  `url` varchar(30) NOT NULL,
  `icon` varchar(30) NOT NULL,
  `is_main_menu` int(11) NOT NULL,
  `is_aktif` enum('y','n') NOT NULL COMMENT 'y=yes,n=no'
) ENGINE=InnoDB DEFAULT CHARSET=latin1;

--
-- Dumping data for table `tbl_menu`
--

INSERT INTO `tbl_menu` (`id_menu`, `title`, `url`, `icon`, `is_main_menu`, `is_aktif`) VALUES
(1, 'KELOLA MENU', 'kelolamenu', 'fa fa-server', 0, 'y'),
(2, 'KELOLA PENGGUNA', 'user', 'fa fa-user-o', 0, 'y'),
(3, 'level PENGGUNA', 'userlevel', 'fa fa-users', 0, 'y'),
(9, 'Contoh Form', 'welcome/form', 'fa fa-id-card', 0, 'y'),
(10, 'INPUT TIPE HANDPHONE', 'tbl_tipe', 'fa fa-tablet', 0, 'y'),
(11, 'INPUT HARGA HANDPHONE', 'tbl_harga', 'fa fa-money', 0, 'y'),
(12, 'cek harga handphone', 'cek_harga', 'fa fa-search', 0, 'y');

-- --------------------------------------------------------

--
-- Table structure for table `tbl_merk`
--

CREATE TABLE `tbl_merk` (
  `id_merk` int(11) NOT NULL,
  `nama_merk` varchar(30) NOT NULL,
  `image` text NOT NULL
) ENGINE=InnoDB DEFAULT CHARSET=utf8mb4;

--
-- Dumping data for table `tbl_merk`
--

INSERT INTO `tbl_merk` (`id_merk`, `nama_merk`, `image`) VALUES
(1, 'Apple', 'Apple.png'),
(2, 'Oppo', 'Oppo.png'),
(3, 'Vivo', 'Vivo.png'),
(4, 'Samsung', 'Samsung.png'),
(5, 'Infinix', 'Infinix.png'),
(6, 'Xiaomi', 'Xiaomi.png'),
(7, 'Realme', 'Realme.png'),
(8, 'ROG', 'ROG.png');

-- --------------------------------------------------------

--
-- Table structure for table `tbl_setting`
--

CREATE TABLE `tbl_setting` (
  `id_setting` int(11) NOT NULL,
  `nama_setting` varchar(50) NOT NULL,
  `value` varchar(40) NOT NULL
) ENGINE=InnoDB DEFAULT CHARSET=latin1;

--
-- Dumping data for table `tbl_setting`
--

INSERT INTO `tbl_setting` (`id_setting`, `nama_setting`, `value`) VALUES
(1, 'Tampil Menu', 'ya');

-- --------------------------------------------------------

--
-- Table structure for table `tbl_tipe`
--

CREATE TABLE `tbl_tipe` (
  `id_tipe` int(11) NOT NULL,
  `id_merk` int(11) NOT NULL,
  `nama_tipe` varchar(50) NOT NULL
) ENGINE=InnoDB DEFAULT CHARSET=utf8mb4;

--
-- Dumping data for table `tbl_tipe`
--

INSERT INTO `tbl_tipe` (`id_tipe`, `id_merk`, `nama_tipe`) VALUES
(1, 1, 'iPhone 15 (RESMI)'),
(3, 1, 'iPhone 15 Pro (RESMI)'),
(4, 1, 'iPhone 15 Pro Max (RESMI)'),
(6, 1, 'iPhone 15 Plus (RESMI)'),
(7, 1, 'iPhone 14 (RESMI)'),
(8, 1, 'iPhone 14 (INTER)'),
(9, 1, 'iPhone 14 Plus (RESMI)'),
(10, 1, 'iPhone 14 Plus (INTER)'),
(11, 1, 'iPhone 14 Pro (RESMI)'),
(12, 1, 'iPhone 14 Pro (INTER)'),
(13, 1, 'iPhone 14 Pro Max (RESMI)'),
(14, 1, 'iPhone 14 Pro Max (INTER)'),
(15, 1, 'iPhone 13 (RESMI)'),
(16, 1, 'iPhone 13 Mini (RESMI)'),
(17, 1, 'iPhone 13 Pro (RESMI)'),
(18, 1, 'iPhone 13 Pro Max (RESMI)'),
(19, 1, 'iPhone 12 (RESMI)'),
(20, 1, 'iPhone 12 Mini (RESMI)'),
(21, 1, 'iPhone 12 Pro (RESMI)'),
(22, 1, 'iPhone 12 Pro Max (RESMI)'),
(23, 1, 'iPhone 11 (RESMI)'),
(24, 1, 'iPhone 11 Pro Max (RESMI)'),
(25, 1, 'iPhone 12 (INTER)'),
(26, 1, 'iPhone 12 Mini (INTER)'),
(27, 1, 'iPhone 12 Pro (INTER)'),
(28, 1, 'iPhone 12 Pro Max (INTER)'),
(29, 1, 'iPhone 13 (INTER)'),
(30, 1, 'iPhone 13 Mini (INTER)'),
(31, 1, 'iPhone 13 Pro (INTER)'),
(32, 1, 'iPhone 13 Pro Max (INTER)'),
(33, 1, 'iPhone 11 (INTER)'),
(34, 1, 'iPhone 11 Pro (INTER)'),
(35, 1, 'iPhone 11 Pro Max (INTER)'),
(36, 1, 'iPhone SE 2 (RESMI)'),
(37, 1, 'iPhone SE 2 (INTER)'),
(38, 1, 'iPhone SE 3 (RESMI)'),
(39, 1, 'iPhone X'),
(40, 1, 'iPhone XR'),
(41, 1, 'iPhone XS'),
(42, 1, 'iPhone XS Max'),
(43, 1, 'iPhone 8'),
(44, 1, 'iPhone 8 Plus'),
(45, 1, 'iPhone 7'),
(46, 1, 'iPhone 7 Plus'),
(47, 1, 'iPhone 7 Plus (RESMI)'),
(48, 1, 'Watch SE Gen 2 40mm (RESMI)'),
(49, 1, 'Watch SE Gen 1 40mm (INTER)'),
(50, 1, 'Watch SE Gen 1 44mm (INTER)'),
(51, 1, 'Watch SE Gen 2 40mm (INTER)'),
(52, 1, 'Watch SE Gen 2 44mm (INTER)'),
(53, 1, 'Watch Series 3 38mm (INTER)'),
(54, 1, 'Watch Series 3 38mm (RESMI)'),
(55, 1, 'Watch Series 3 42mm (INTER)'),
(56, 1, 'Watch Series 3 42mm (RESMI)'),
(57, 1, 'Watch Series 4 40mm (INTER)'),
(58, 1, 'Watch Series 4 40mm (RESMI)'),
(59, 1, 'Watch Series 4 44mm (RESMI)'),
(60, 1, 'Watch Series 4 44mm (INTER)'),
(61, 1, 'Watch Series 5 40mm (INTER)'),
(62, 1, 'Watch Series 5 40mm (RESMI)'),
(63, 1, 'Watch Series 5 44mm (INTER)'),
(64, 1, 'Watch Series 5 44mm (RESMI)'),
(65, 1, 'Watch Series 6 40mm (INTER)'),
(66, 1, 'Watch Series 6 40mm (RESMI)'),
(67, 1, 'Watch Series 6 44mm (INTER)'),
(68, 1, 'Watch Series 6 44mm (RESMI)'),
(69, 1, 'Watch Series 7 41mm (INTER)'),
(70, 1, 'Watch Series 7 41mm (RESMI)'),
(71, 1, 'Watch Series 7 45mm (INTER)'),
(72, 1, 'Watch Series 7 45mm (RESMI)'),
(73, 1, 'Watch Series 8 41mm (INTER)'),
(74, 1, 'Watch Series 8 41mm (RESMI)'),
(75, 1, 'Watch Series 8 45mm (INTER)'),
(76, 1, 'Watch Series 8 45mm (RESMI)'),
(77, 1, 'iPad 9 Cell (RESMI)'),
(78, 1, 'iPad 9 Wifi (RESMI)'),
(79, 1, 'iPad Air 5 Cell (RESMI)'),
(80, 1, 'iPad Air 5 Wifi (RESMI)'),
(81, 1, 'iPad 10 Wifi (RESMI)'),
(82, 1, 'iPad 10 Cell (RESMI)'),
(83, 1, 'iPad 9 Cell (INTER)'),
(84, 1, 'iPad Mini 6 Cell (RESMI)'),
(85, 1, 'iPad Mini 6 Wifi (RESMI)'),
(86, 1, 'iPad Mini 5 Wifi (INTER)'),
(87, 1, 'iPad Pro 11 (3rd Gen) Cell (RESMI)'),
(88, 1, 'iPad Pro 11 (3rd Gen) Wifi (RESMI)'),
(89, 1, 'iPad Pro 11 (4th Gen) Wifi (RESMI)'),
(90, 1, 'iPad Pro 11 (4th Gen) Cell (RESMI)'),
(91, 1, 'iPad Pro 12,9 (6th Gen) Wifi (RESMI)'),
(92, 1, 'iPad Pro 12,9 (6th Gen) Cell (RESMI)'),
(93, 8, 'Phone 6 12GB RAM'),
(94, 8, 'Phone 6 8GB RAM'),
(95, 8, 'Zenfone 9'),
(96, 5, 'Smart 6 HD'),
(97, 5, 'Smart 6 HD Plus'),
(98, 5, 'Smart 7'),
(99, 5, 'Smart 8'),
(100, 5, 'Smart 8 Pro'),
(101, 5, 'Hot 10S'),
(102, 5, 'Hot 11 Play'),
(103, 5, 'Hot 12 (8GB RAM)'),
(104, 5, 'Hot 12 (6GB RAM)'),
(105, 5, 'Hot 12 Play'),
(106, 5, 'Hot 12 Pro'),
(107, 5, 'Hot 12i'),
(109, 5, 'Hot 20 5G'),
(110, 5, 'Hot 30'),
(111, 5, 'Hot 30i'),
(112, 5, 'Hot 40 Pro'),
(113, 5, 'Hot 40i'),
(114, 5, 'GT 10 Pro'),
(115, 5, 'Zero 30'),
(116, 5, 'Zero 5G 2023'),
(117, 5, 'Zero Ultra'),
(118, 5, 'Note 11 Pro'),
(119, 5, 'Note 12'),
(120, 5, 'Note 12 VIP'),
(121, 5, 'Note 30'),
(122, 5, 'Note 30 Pro'),
(123, 5, 'Note 40 5G Pro'),
(124, 5, 'Note 40'),
(125, 5, 'Note 40 Pro'),
(126, 2, 'A15'),
(127, 2, 'A16'),
(128, 2, 'A16E'),
(129, 2, 'A16K'),
(130, 2, 'A17'),
(131, 2, 'A17K'),
(132, 2, 'A18'),
(133, 2, 'A1K'),
(134, 2, 'A33'),
(135, 2, 'A38'),
(136, 2, 'A53'),
(137, 2, 'A54 (4GB RAM)'),
(138, 2, 'A54 (6GB RAM)'),
(139, 2, 'A55'),
(140, 2, 'A57'),
(141, 2, 'A74'),
(142, 2, 'A76'),
(143, 2, 'A77S'),
(144, 2, 'A78 4G'),
(145, 2, 'A78 5G'),
(146, 2, 'A79 5G'),
(147, 2, 'A9 2020'),
(148, 2, 'A92'),
(149, 2, 'A95'),
(150, 2, 'A96'),
(151, 2, 'A98 5G'),
(152, 2, 'F11'),
(153, 2, 'Find N2 Flip'),
(154, 2, 'Find N3 Fold'),
(155, 2, 'Find N3 Flip'),
(156, 2, 'Find X5 Pro'),
(157, 2, 'A58 (6GB RAM)'),
(158, 2, 'A58 (8GB RAM)'),
(159, 2, 'Pad Air'),
(160, 2, 'Reno 10 5G'),
(161, 2, 'Reno 10 Pro 5G'),
(162, 2, 'Reno 10 Pro Plus'),
(163, 2, 'Reno 11 5G'),
(164, 2, 'Reno 11 F'),
(165, 2, 'Reno 11 Pro'),
(166, 2, 'Reno 4 F'),
(167, 2, 'Reno 5 5G'),
(168, 2, 'Reno 6 5G'),
(169, 2, 'Reno 7 4G'),
(170, 2, 'Reno 7 5G'),
(171, 2, 'Reno 7 Z 5G'),
(172, 2, 'Reno 8 4G'),
(173, 2, 'Reno 8 5G'),
(174, 2, 'Reno 8 Pro'),
(175, 2, 'Reno 8 T 4G'),
(176, 2, 'Reno 8 T 5G'),
(177, 2, 'Reno 8 Z 5G'),
(178, 7, 'Pad Mini'),
(179, 7, '9 Pro 5G (6GB RAM)'),
(180, 7, '8'),
(181, 7, '7i'),
(182, 7, '7'),
(183, 7, '5i'),
(184, 7, '5 Pro (8GB RAM)'),
(185, 7, '5 Pro (4GB RAM)'),
(186, 7, '12 Plus'),
(187, 7, '11 Pro Plus'),
(188, 7, '11 Pro'),
(189, 7, '11'),
(190, 7, '10 Pro Plus'),
(191, 7, '10 Pro'),
(192, 7, '10'),
(193, 7, 'Note 50'),
(194, 7, 'Narzo 50i Prime'),
(195, 7, 'Narzo 50A Prime'),
(196, 7, 'Narzo 50'),
(197, 7, 'GT Neo 3 T'),
(198, 7, 'GT Neo 3'),
(199, 7, 'C67'),
(200, 7, 'C55'),
(201, 7, 'C53 (8GB RAM)'),
(202, 7, 'C53 (6GB RAM)'),
(203, 7, 'C51s'),
(204, 7, 'C51'),
(205, 7, 'C35'),
(206, 7, 'C33'),
(207, 7, 'C31'),
(208, 7, 'C30s'),
(209, 7, 'C30'),
(210, 7, 'C25Y'),
(211, 7, 'C25S'),
(212, 7, 'C21'),
(213, 7, 'C15'),
(214, 7, 'C11'),
(215, 7, '9i'),
(216, 7, '9 Pro Plus 5G'),
(217, 7, '9 Pro 5G (8GB RAM)'),
(218, 7, '9'),
(219, 7, '8 Pro'),
(220, 7, '12 Pro Plus'),
(221, 7, '12'),
(222, 3, 'Z1 Pro'),
(223, 3, 'Y36 5G'),
(224, 3, 'Y35'),
(225, 3, 'Y33T'),
(226, 3, 'Y33S'),
(227, 3, 'Y30i'),
(228, 3, 'Y30'),
(229, 3, 'Y27S'),
(230, 3, 'Y27'),
(231, 3, 'Y27 5G'),
(232, 3, 'Y22 (6GB RAM)'),
(233, 3, 'Y22 (4GB RAM)'),
(234, 3, 'Y21T'),
(235, 3, 'Y21S'),
(236, 3, 'Y21A'),
(237, 3, 'Y21'),
(238, 3, 'Y20S (8GB RAM)'),
(239, 3, 'Y20S (4GB RAM)'),
(240, 3, 'Y17S (6GB RAM)'),
(241, 3, 'Y17S (4GB RAM)'),
(242, 3, 'Y20'),
(243, 3, 'Y16 (4GB RAM)'),
(244, 3, 'Y16 (3GB RAM)'),
(245, 3, 'Y15S'),
(246, 3, 'Y15'),
(247, 3, 'Y12i'),
(248, 3, 'Y12'),
(249, 3, 'Y100 5G'),
(250, 3, 'Y02'),
(251, 3, 'Y01'),
(252, 3, 'X80'),
(253, 3, 'Y75 5G'),
(254, 3, 'Y36'),
(255, 3, 'Y12S'),
(256, 3, 'Y02T'),
(257, 3, 'V30 Pro'),
(258, 3, 'V30 5G'),
(259, 3, 'V29E 5G'),
(260, 3, 'V29'),
(261, 3, 'V27E (8GB RAM)'),
(262, 3, 'V27E (12GB RAM)'),
(263, 3, 'V27 5G'),
(264, 3, 'V25E (8GB RAM)'),
(265, 3, 'V25E (12GB RAM)'),
(266, 3, 'V25 Pro'),
(267, 3, 'V25 5G'),
(268, 3, 'V23E'),
(269, 3, 'V23 5G'),
(270, 3, 'V21 5G'),
(271, 3, 'V21 4G'),
(272, 3, 'V20 SE'),
(273, 3, 'V20'),
(274, 3, 'T1 5G (8GB RAM)'),
(275, 3, 'T1 5G (4GB RAM)'),
(276, 6, 'Mi 10T Pro'),
(277, 6, 'Mi 12T'),
(278, 6, 'Mi 11 Lite'),
(279, 6, 'Redmi Note 10 Pro (8GB RAM)'),
(280, 6, 'Redmi Note 8 Pro'),
(281, 6, 'Redmi Note 9 Pro'),
(282, 6, 'Poco C40'),
(283, 6, 'Poco F3'),
(284, 6, 'Poco F4 5G'),
(285, 6, 'Poco F4 GT'),
(286, 6, 'Poco M3'),
(287, 6, 'Poco M3 Pro 5G'),
(288, 6, 'Poco M4 Pro'),
(289, 6, 'Poco M5'),
(290, 6, 'Poco M5S'),
(291, 6, 'Poco X3 GT'),
(292, 6, 'Poco X3 Pro'),
(293, 6, 'Poco X5'),
(294, 6, 'Redmi 10 2022'),
(295, 6, 'Redmi 10 5G (4GB RAM)'),
(296, 6, 'Redmi 10 5G (6GB RAM)'),
(297, 6, 'Redmi 10A (3GB RAM)'),
(298, 6, 'Redmi 10A (4GB RAM)'),
(299, 6, 'Redmi 10C'),
(300, 6, 'Redmi 12'),
(301, 6, 'Redmi 12C (3GB RAM)'),
(302, 6, 'Redmi 12C (4GB RAM)'),
(303, 6, 'Redmi 9'),
(304, 6, 'Redmi 9A (2GB RAM)'),
(305, 6, 'Redmi 9A (3GB RAM)'),
(306, 6, 'Redmi 9C'),
(307, 6, 'Redmi A1 (2GB RAM)'),
(308, 6, 'Redmi A1 (3GB RAM)'),
(309, 6, 'Redmi A2'),
(310, 6, 'Redmi Note 10 5G (4GB RAM)'),
(311, 6, 'Redmi Note 10 5G (8GB RAM)'),
(312, 6, 'Redmi Note 10 Pro (6GB RAM)'),
(314, 6, 'Redmi Note 10S (6GB RAM)'),
(315, 6, 'Redmi Note 10S (8GB RAM)'),
(316, 6, 'Redmi Note 11 (4GB RAM)'),
(317, 6, 'Redmi Note 11 (6GB RAM)'),
(318, 6, 'Redmi Note 11 Pro 5G'),
(319, 6, 'Redmi Note 11 Pro (6GB RAM)'),
(320, 6, 'Redmi Note 11 Pro (8GB RAM)'),
(321, 6, 'Redmi Note 12 (4GB RAM)'),
(322, 6, 'Redmi Note 12 (6GB RAM)'),
(323, 6, 'Redmi Note 12 (8GB RAM)'),
(324, 6, 'Redmi Note 12 Pro 5G'),
(325, 6, 'Redmi Note 12 Pro'),
(326, 6, 'Redmi Note 13 5G'),
(327, 6, 'Redmi Note 13'),
(328, 6, 'Redmi Note 13 Pro 5G'),
(329, 6, 'Redmi Note 13 Pro'),
(330, 6, 'Redmi Note 13 Pro Plus 5G'),
(331, 6, 'Redmi Note 9'),
(332, 6, 'Redmi Pad Wifi Only'),
(333, 6, 'Mi 11T'),
(334, 6, 'Mi 11T Pro (12GB RAM)'),
(335, 6, 'Mi 11T Pro (8GB RAM)'),
(336, 6, 'Mi 12'),
(337, 6, 'Mi 12 Lite'),
(338, 6, 'Mi 13T'),
(339, 4, 'A02'),
(340, 4, 'A03 (3GB RAM)'),
(341, 4, 'A03 (4GB RAM)'),
(342, 4, 'A03 Core'),
(343, 4, 'A03S'),
(344, 4, 'A04'),
(345, 4, 'A04S'),
(346, 4, 'A04E'),
(347, 4, 'A05 (4GB RAM)'),
(348, 4, 'A05 (6GB RAM)'),
(349, 4, 'A05S'),
(350, 4, 'A12 (4GB RAM)'),
(351, 4, 'A12 (6GB RAM)'),
(352, 4, 'A13 (4GB RAM)'),
(353, 4, 'A13 (6GB RAM)'),
(354, 4, 'A14 5G'),
(355, 4, 'A14 (4GB RAM)'),
(356, 4, 'A14 (6GB RAM)'),
(357, 4, 'A15 5G'),
(358, 4, 'A15'),
(359, 4, 'A22'),
(360, 4, 'A22 5G'),
(361, 4, 'A23 5G (6GB RAM)'),
(362, 4, 'A23 5G (8GB RAM)'),
(363, 4, 'A23'),
(364, 4, 'A24'),
(365, 4, 'A25 5G'),
(366, 4, 'A32 (6GB RAM)'),
(367, 4, 'A32 (8GB RAM)'),
(368, 4, 'A33 5G (6GB RAM)'),
(369, 4, 'A33 5G (8GB RAM)'),
(370, 4, 'A34 5G'),
(371, 4, 'A35 5G'),
(372, 4, 'A52'),
(373, 4, 'A52S 5G'),
(374, 4, 'A53'),
(375, 4, 'A54 5G'),
(376, 4, 'A55 5G'),
(377, 4, 'A73'),
(378, 4, 'S21 FE 5G'),
(379, 4, 'S22'),
(380, 4, 'S22 Plus'),
(381, 4, 'S22 Ultra (12GB RAM)'),
(382, 4, 'S22 Ultra (8GB RAM)'),
(383, 4, 'S23'),
(384, 4, 'S23 Plus'),
(385, 4, 'S23 Ultra'),
(386, 4, 'Z Flip 3'),
(387, 4, 'Z Flip 4'),
(388, 4, 'Z Fold 4'),
(389, 4, 'M12'),
(390, 4, 'M14 5G'),
(391, 4, 'M22'),
(392, 4, 'M33'),
(393, 4, 'M54 5G'),
(394, 4, 'S10 Lite'),
(395, 4, 'S21 5G'),
(396, 4, 'S21 Plus 5G'),
(397, 4, 'S21 Ultra 5G'),
(398, 4, 'S23 FE'),
(399, 4, 'S24'),
(400, 4, 'S24 Plus'),
(401, 4, 'S24 Ultra'),
(402, 4, 'Tab A7 Lite'),
(403, 4, 'Tab A8'),
(404, 4, 'Tab S6 Lite'),
(405, 4, 'Tab S8'),
(406, 4, 'Tab S9 FE 5G'),
(407, 4, 'Tab S9 FE Plus Wifi Only'),
(408, 4, 'Tab S9 FE Wifi Only'),
(409, 4, 'Z Flip 5'),
(410, 4, 'Z Fold 3'),
(411, 4, 'Z Fold 5');

-- --------------------------------------------------------

--
-- Table structure for table `tbl_user`
--

CREATE TABLE `tbl_user` (
  `id_users` int(11) NOT NULL,
  `full_name` varchar(50) NOT NULL,
  `email` varchar(50) NOT NULL,
  `password` varchar(255) NOT NULL,
  `images` text NOT NULL,
  `id_user_level` int(11) NOT NULL,
  `is_aktif` enum('y','n') NOT NULL
) ENGINE=InnoDB DEFAULT CHARSET=latin1;

--
-- Dumping data for table `tbl_user`
--

INSERT INTO `tbl_user` (`id_users`, `full_name`, `email`, `password`, `images`, `id_user_level`, `is_aktif`) VALUES
(1, 'Nuris Akbar M.Kom', 'admin@gmail.com', '$2y$04$Wbyfv4xwihb..POfhxY5Y.jHOJqEFIG3dLfBYwAmnOACpH0EWCCdq', 'atomix_user31.png', 1, 'y'),
(3, 'Muhammad hafidz Muzaki', 'hafid@gmail.com', '$2y$04$Wbyfv4xwihb..POfhxY5Y.jHOJqEFIG3dLfBYwAmnOACpH0EWCCdq', '7.png', 2, 'y');

-- --------------------------------------------------------

--
-- Table structure for table `tbl_user_level`
--

CREATE TABLE `tbl_user_level` (
  `id_user_level` int(11) NOT NULL,
  `nama_level` varchar(30) NOT NULL
) ENGINE=InnoDB DEFAULT CHARSET=latin1;

--
-- Dumping data for table `tbl_user_level`
--

INSERT INTO `tbl_user_level` (`id_user_level`, `nama_level`) VALUES
(1, 'Super Admin'),
(2, 'Admin');

--
-- Indexes for dumped tables
--

--
-- Indexes for table `tbl_baru`
--
ALTER TABLE `tbl_baru`
  ADD PRIMARY KEY (`id_baru`);

--
-- Indexes for table `tbl_hak_akses`
--
ALTER TABLE `tbl_hak_akses`
  ADD PRIMARY KEY (`id`);

--
-- Indexes for table `tbl_harga`
--
ALTER TABLE `tbl_harga`
  ADD PRIMARY KEY (`id_harga`);

--
-- Indexes for table `tbl_kondisi`
--
ALTER TABLE `tbl_kondisi`
  ADD PRIMARY KEY (`id_kondisi`);

--
-- Indexes for table `tbl_kualifikasi`
--
ALTER TABLE `tbl_kualifikasi`
  ADD PRIMARY KEY (`id_kualifikasi`);

--
-- Indexes for table `tbl_memori`
--
ALTER TABLE `tbl_memori`
  ADD PRIMARY KEY (`id_memori`);

--
-- Indexes for table `tbl_menu`
--
ALTER TABLE `tbl_menu`
  ADD PRIMARY KEY (`id_menu`);

--
-- Indexes for table `tbl_merk`
--
ALTER TABLE `tbl_merk`
  ADD PRIMARY KEY (`id_merk`);

--
-- Indexes for table `tbl_setting`
--
ALTER TABLE `tbl_setting`
  ADD PRIMARY KEY (`id_setting`);

--
-- Indexes for table `tbl_tipe`
--
ALTER TABLE `tbl_tipe`
  ADD PRIMARY KEY (`id_tipe`);

--
-- Indexes for table `tbl_user`
--
ALTER TABLE `tbl_user`
  ADD PRIMARY KEY (`id_users`);

--
-- Indexes for table `tbl_user_level`
--
ALTER TABLE `tbl_user_level`
  ADD PRIMARY KEY (`id_user_level`);

--
-- AUTO_INCREMENT for dumped tables
--

--
-- AUTO_INCREMENT for table `tbl_baru`
--
ALTER TABLE `tbl_baru`
  MODIFY `id_baru` int(11) NOT NULL AUTO_INCREMENT, AUTO_INCREMENT=35;

--
-- AUTO_INCREMENT for table `tbl_hak_akses`
--
ALTER TABLE `tbl_hak_akses`
  MODIFY `id` int(11) NOT NULL AUTO_INCREMENT, AUTO_INCREMENT=34;

--
-- AUTO_INCREMENT for table `tbl_harga`
--
ALTER TABLE `tbl_harga`
  MODIFY `id_harga` int(11) NOT NULL AUTO_INCREMENT, AUTO_INCREMENT=1625;

--
-- AUTO_INCREMENT for table `tbl_kondisi`
--
ALTER TABLE `tbl_kondisi`
  MODIFY `id_kondisi` int(11) NOT NULL AUTO_INCREMENT, AUTO_INCREMENT=5;

--
-- AUTO_INCREMENT for table `tbl_kualifikasi`
--
ALTER TABLE `tbl_kualifikasi`
  MODIFY `id_kualifikasi` int(11) NOT NULL AUTO_INCREMENT, AUTO_INCREMENT=4;

--
-- AUTO_INCREMENT for table `tbl_memori`
--
ALTER TABLE `tbl_memori`
  MODIFY `id_memori` int(11) NOT NULL AUTO_INCREMENT, AUTO_INCREMENT=11;

--
-- AUTO_INCREMENT for table `tbl_menu`
--
ALTER TABLE `tbl_menu`
  MODIFY `id_menu` int(11) NOT NULL AUTO_INCREMENT, AUTO_INCREMENT=13;

--
-- AUTO_INCREMENT for table `tbl_merk`
--
ALTER TABLE `tbl_merk`
  MODIFY `id_merk` int(11) NOT NULL AUTO_INCREMENT, AUTO_INCREMENT=9;

--
-- AUTO_INCREMENT for table `tbl_setting`
--
ALTER TABLE `tbl_setting`
  MODIFY `id_setting` int(11) NOT NULL AUTO_INCREMENT, AUTO_INCREMENT=2;

--
-- AUTO_INCREMENT for table `tbl_tipe`
--
ALTER TABLE `tbl_tipe`
  MODIFY `id_tipe` int(11) NOT NULL AUTO_INCREMENT, AUTO_INCREMENT=412;

--
-- AUTO_INCREMENT for table `tbl_user`
--
ALTER TABLE `tbl_user`
  MODIFY `id_users` int(11) NOT NULL AUTO_INCREMENT, AUTO_INCREMENT=7;

--
-- AUTO_INCREMENT for table `tbl_user_level`
--
ALTER TABLE `tbl_user_level`
  MODIFY `id_user_level` int(11) NOT NULL AUTO_INCREMENT, AUTO_INCREMENT=3;
COMMIT;

/*!40101 SET CHARACTER_SET_CLIENT=@OLD_CHARACTER_SET_CLIENT */;
/*!40101 SET CHARACTER_SET_RESULTS=@OLD_CHARACTER_SET_RESULTS */;
/*!40101 SET COLLATION_CONNECTION=@OLD_COLLATION_CONNECTION */;
