-- phpMyAdmin SQL Dump
-- version 5.2.1
-- https://www.phpmyadmin.net/
--
-- Host: localhost:3306
-- Waktu pembuatan: 30 Jul 2024 pada 11.11
-- Versi server: 10.6.18-MariaDB
-- Versi PHP: 8.1.28

SET SQL_MODE = "NO_AUTO_VALUE_ON_ZERO";
START TRANSACTION;
SET time_zone = "+00:00";


/*!40101 SET @OLD_CHARACTER_SET_CLIENT=@@CHARACTER_SET_CLIENT */;
/*!40101 SET @OLD_CHARACTER_SET_RESULTS=@@CHARACTER_SET_RESULTS */;
/*!40101 SET @OLD_COLLATION_CONNECTION=@@COLLATION_CONNECTION */;
/*!40101 SET NAMES utf8mb4 */;

--
-- Database: `gskstore_1`
--

-- --------------------------------------------------------

--
-- Struktur dari tabel `tbl_baru`
--

CREATE TABLE `tbl_baru` (
  `id_baru` int(11) NOT NULL,
  `nama_baru` varchar(100) NOT NULL,
  `harga_baru` int(11) NOT NULL,
  `gambar_baru` text DEFAULT NULL
) ENGINE=InnoDB DEFAULT CHARSET=utf8mb4 COLLATE=utf8mb4_general_ci;

--
-- Dumping data untuk tabel `tbl_baru`
--

INSERT INTO `tbl_baru` (`id_baru`, `nama_baru`, `harga_baru`, `gambar_baru`) VALUES
(245, 'IPHONE 11 64GB SINGLE RESMI', 7749000, 'apple-iphone-11.jpg'),
(246, 'IPHONE 11 128GB SINGLE RESMI', 6249000, 'apple-iphone-11.jpg'),
(247, 'IPHONE 12 64GB RESMI', 9749000, 'apple-iphone-12.jpg'),
(248, 'IPHONE 12 128GB RESMI', 8749000, 'apple-iphone-12.jpg'),
(249, 'IPHONE 13 128GB RESMI', 10249000, 'apple-iphone-13.jpg'),
(250, 'IPHONE 13 256GB RESMI', 12749000, 'apple-iphone-13.jpg'),
(251, 'IPHONE 13 512GB RESMI', 16499000, 'apple-iphone-13.jpg'),
(252, 'IPHONE 14 128GB RESMI', 12249000, 'apple-iphone-14.jpg'),
(253, 'IPHONE 14 256GB RESMI', 15049000, 'apple-iphone-14.jpg'),
(254, 'IPHONE 15 128GB RESMI', 14249000, 'apple-iphone-15.jpg'),
(255, 'IPHONE 15 256GB RESMI', 17249000, 'apple-iphone-15.jpg'),
(256, 'IPHONE 15 PLUS 128GB RESMI', 16249000, 'apple-iphone-15-plus-.jpg'),
(257, 'IPHONE 15 PRO 128GB RESMI', 19249000, 'apple-iphone-15-pro_(1).jpg'),
(258, 'IPHONE 15 PRO 256GB RESMI', 22249000, 'apple-iphone-15-pro_(1).jpg'),
(259, 'IPHONE 15 PRO 512GB RESMI', 26249000, 'apple-iphone-15-pro_(1).jpg'),
(260, 'IPHONE 15 PRO MAX 256GB RESMI', 28249000, 'apple-iphone-15-pro-max_(1).jpg'),
(261, 'IPHONE 15 PRO MAX 512GB RESMI', 32249000, 'apple-iphone-15-pro-max_(1).jpg'),
(262, 'IPHONE 15 PRO MAX 1TB RESMI', 23249000, 'apple-iphone-15-pro-max_(1).jpg'),
(263, 'SAMSUNG A53 5G A536E 8/128GB', 5799000, 'samsung-galaxy-a53-5g-.jpg'),
(264, 'SAMSUNG A55 8/128GB', 5699000, 'samsung-galaxy-a55.jpg'),
(265, 'SAMSUNG A54 5G A546E 8/128GB', 5999000, 'samsung-galaxy-a54.jpg'),
(266, 'SAMSUNG A55 8/256GB', 5999000, 'samsung-galaxy-a55.jpg'),
(267, 'SAMSUNG G A05 4/128GB', 1599000, 'samsung-galaxy-a05.jpg'),
(268, 'SAMSUNG G A05 6/128GB', 1899000, 'samsung-galaxy-a05.jpg'),
(269, 'SAMSUNG G A05 4/64GB', 1299000, 'samsung-galaxy-a05.jpg'),
(270, 'SAMSUNG G. S24 ULTRA SM-S928 12/512GB', 23999000, 'samsung-galaxy-s24-ultra-5g-sm-s928-stylus_(1)1.jpg'),
(271, 'SAMSUNG G A05S 6/128GB', 2099000, 'samsung-galaxy-a05s.jpg'),
(272, 'SAMSUNG M15 5G M156B 6/128GB', 2499000, 'samsung-galaxy-m15.jpg'),
(273, 'SAMSUNG A15 8/128GB A155F', 2699000, 'samsung-galaxy-a15-lte-.jpg'),
(274, 'SAMSUNG M15 5G M156B 6/128GB', 2799000, 'samsung-galaxy-m15.jpg'),
(275, 'SAMSUNG A15 8/256GB A155F', 2999000, 'samsung-galaxy-a15-lte-.jpg'),
(276, 'SAMSUNG A15 5G 8/256GB A156F', 3399000, 'samsung-galaxy-a15-5g-new.jpg'),
(277, 'SAMSUNG A25 5G 8/128GB A256EF', 3699000, 'samsung-galaxy-a25.jpg'),
(278, 'SAMSUNG A25 5G 8/256GB A256EF', 4399000, 'samsung-galaxy-a25.jpg'),
(279, 'SAMSUNG A34 5G A346E 8/256GB', 4999000, 'samsung-galaxy-a34.jpg'),
(280, 'SAMSUNG A35 8/256GB', 4999000, 'samsung-galaxy-a35.jpg'),
(281, 'SAMSUNG A34 5G A346E 8/128GB', 4599000, 'samsung-galaxy-a34.jpg'),
(282, 'SAMSUNG G Z FOLD 5 SM-F946B 12/256GB', 24999000, 'samsung-galaxy-z-fold5-5g.jpg'),
(283, 'SAMSUNG G. S23 PLUS SM-S916 8/256GB', 15999000, 'samsung-galaxy-s23-plus-5g.jpg'),
(284, 'SAMSUNG A54 5G A546E 8/256GB', 6399000, 'samsung-galaxy-a54.jpg'),
(285, 'SAMSUNG G S24 SM-S921 8/512GB', 15999000, 'samsung-galaxy-s24-5g-sm-s9211.jpg'),
(286, 'SAMSUNG G Z FLIP 5 SM-F731B 8/256GB', 15999000, 'samsung-galaxy-z-flip5-5g1.jpg'),
(287, 'SAMSUNG G. S23 ULTRA SM-S918 12/256GB', 17999000, 'samsung-galaxy-s23-ultra-5g.jpg'),
(288, 'SAMSUNG A55 12/256GB', 6699000, 'samsung-galaxy-a55.jpg'),
(289, 'SAMSUNG M54 5G 8/256GB M546B', 6499000, 'samsung-galaxy-m54-5g.jpg'),
(290, 'SAMSUNG G S24 PLUS SM-S926 12/256GB', 16999000, 'samsung-galaxy-s24-plus-5g-sm-s9261.jpg'),
(291, 'SAMSUNG G Z FLIP 5 SM-F731B 8/512GB', 17999000, 'samsung-galaxy-z-flip5-5g.jpg'),
(292, 'SAMSUNG G. S24 PLUS SM-S926 12/512GB', 18999000, 'samsung-galaxy-s24-plus-5g-sm-s926.jpg'),
(293, 'SAMSUNG G. S23 FE 5G S711B 8/256GB', 8999000, 'samsung-galaxy-s23-fe.jpg'),
(294, 'SAMSUNG G S23 SM-S911 8/256GB', 10499000, 'samsung-galaxy-s23-5g.jpg'),
(295, 'SAMSUNG G. S24 SM-S921 8/256GB', 13999000, 'samsung-galaxy-s24-5g-sm-s921.jpg'),
(296, 'SAMSUNG TAB A9 PLUS 5G X216B 8/128GB', 4499000, 'samsung-galaxy-tab-a9-plus.jpg'),
(297, 'SAMSUNG TAB A9 WIFI X110N 4/64GB', 1999000, 'samsung-galaxy-tab-a9.jpg'),
(298, 'SAMSUNG TAB A9 LTE X115N 4/64GB', 2499000, 'samsung-galaxy-tab-a9.jpg'),
(299, 'SAMSUNG TAB A9 LTE X115N 4/64GB KIDS EDITION', 2999000, 'samsung-galaxy-tab-a9.jpg'),
(300, 'SAMSUNG G. S24 ULTRA SM-S928 12/256GB', 21999000, 'samsung-galaxy-s24-ultra-5g-sm-s928-stylus_(1).jpg'),
(301, 'SAMSUNG TAB S9 FE PLUS WIFI X610N 8/128GB', 8499000, 'samsung-galaxy-tab-s9-fe-plus-10-.jpg'),
(302, 'SAMSUNG G. TAB S6 LITE 128GB', 5499000, 'samsung-galaxy-tab-s6-lite-2024.jpg'),
(303, 'SAMSUNG TAB S9 FE 5G X516B 6/128GB', 7499000, 'samsung-galaxy-tab-s9-plus-5g.jpg'),
(304, 'SAMSUNG TAB S9 FE WIFI X510N 6/128GB', 6499000, 'samsung-galaxy-tab-s9-plus-5g.jpg'),
(305, 'SAMSUNG TAB S9 FE PLUS 5G X616B 12/256GB', 10999000, 'samsung-galaxy-tab-s9-plus-5g.jpg'),
(306, 'OPPO A58 6/128GB', 2399000, 'oppo-a58.jpg'),
(307, 'OPPO A58 8/128GB', 2699000, 'oppo-a58.jpg'),
(308, 'OPPO RENO 11 PRO 5G 12/512GB', 8999000, 'oppo-reno11-china.jpg'),
(309, 'OPPO RENO 11 5G 8/256GB', 5599000, 'oppo-reno11-international.jpg'),
(310, 'OPPO FIND N3 FLIP 12/256GB', 14499000, 'oppo-find-n3-flip.jpg'),
(311, 'OPPO A78 5G 8/128GB', 3999000, 'oppo-a58.jpg'),
(312, 'OPPO A78 4G 8/256GB', 3399000, 'oppo-a78-4g.jpg'),
(313, 'OPPO A18 4/128GB', 1499000, 'oppo-a38.jpg'),
(314, 'OPPO A57 2022 4/128GB', 1680000, 'oppo-a57-5g.jpg'),
(315, 'OPPO A38 4/128GB', 1799000, 'oppo-a38.jpg'),
(316, 'OPPO A38 6/128GB', 2099000, 'oppo-a38.jpg'),
(317, 'OPPO A3 PRO 8/256GB', 3999000, 'oppo-a3-pro-india.jpg'),
(318, 'OPPO A60 8/128GB', 2599000, 'oppo-a60.jpg'),
(319, 'OPPO A60 8/256GB', 2999000, 'oppo-a60.jpg'),
(320, 'OPPO RENO 11 F 8/256GB', 4399000, 'oppo-reno11-international.jpg'),
(321, 'OPPO A79 8/256GB', 3799000, 'oppo-a79-5g.jpg'),
(322, 'VIVO X100 12/256GB', 11999000, 'vivo-x100.jpg'),
(323, 'VIVO V30 PRO 12/512GB', 8999000, 'vivo-v30-pro.jpg'),
(324, 'VIVO Y18 4/128GB', 1799000, 'vivo-y18.jpg'),
(325, 'VIVO Y22 4/64GB', 2149000, 'vivo-y22-2022.jpg'),
(326, 'VIVO Y18 6/128GB', 1999000, 'vivo-y18.jpg'),
(327, 'VIVO Y28 6/128GB', 2399000, 'vivo-y28-5g-.jpg'),
(328, 'VIVO Y28 8/128GB', 2599000, 'vivo-y28-5g-.jpg'),
(329, 'VIVO Y28 8/256GB', 2999000, 'vivo-y28-5g-.jpg'),
(330, 'VIVO Y100 4G 8/128GB', 3099000, 'vivo-y100-4g.jpg'),
(331, 'VIVO Y36 4G 8/256GB', 2999000, 'vivo-y36-5g.jpg'),
(332, 'VIVO Y100 4G 8/256GB', 3399000, 'vivo-y100-4g.jpg'),
(333, 'VIVO Y100 5G 8/128GB', 3599000, 'vivo-y100-5g-indonesia.jpg'),
(334, 'VIVO Y100 5G 8/256GB', 3899000, 'vivo-y100-5g-indonesia.jpg'),
(335, 'VIVO V25 5G 8/256GB', 3999000, 'vivo-v25-.jpg'),
(336, 'VIVO V29E 5G 8/256GB', 4399000, 'vivo-v29e-international.jpg'),
(337, 'VIVO V29 5G 8/256GB', 5999000, 'vivo-s17-pro.jpg'),
(338, 'VIVO V30E 8/128GB', 4699000, 'vivo-v30e.jpg'),
(339, 'VIVO V30E 8/256GB', 4999000, 'vivo-v30e.jpg'),
(340, 'VIVO V30 8/256GB', 5999000, 'vivo-s18.jpg'),
(341, 'VIVO V30 12/512GB', 6999000, 'vivo-s18.jpg'),
(342, 'VIVO Y22 6/128GB', 2399000, 'vivo-y22-2022.jpg'),
(343, 'VIVO Y27 4G 6/128GB', 1999000, 'vivo-y35-plus.jpg'),
(344, 'VIVO Y27S 8/128GB', 2399000, 'vivo-y27s.jpg'),
(345, 'VIVO Y27S 8/256GB', 2699000, 'vivo-y27s.jpg'),
(346, 'VIVO Y67 4/64GB', 399000, 'vivo-y67.jpg'),
(347, 'VIVO Y02 3/32GB', 1199000, 'viv0-y02.jpg'),
(348, 'VIVO Y67 4/32GB', 799000, 'vivo-y67.jpg'),
(349, 'VIVO Y17S 4/128GB', 1599000, 'vivo-y17s.jpg'),
(350, 'VIVO Y17S 6/128GB', 1799000, 'vivo-y17s.jpg'),
(351, 'VIVO Y03 4/128GB', 1499000, 'vivo-y03.jpg'),
(352, 'VIVO Y03 4/64GB', 1299000, 'vivo-y03.jpg'),
(353, 'VIVO Y16 4/128GB', 1499000, 'vivo-y16.jpg'),
(354, 'VIVO Y18 4/64GB', 1599000, 'vivo-y18.jpg'),
(355, 'REALME 12 PRO PLUS 5G 12/512GB', 6999000, 'realme-12-pro-plus.jpg'),
(356, 'REALME 12 PRO PLUS 5G 8/256GB', 5999000, 'realme-12-pro-plus.jpg'),
(357, 'REALME C53 8/128GB', 2299000, 'realme-c53.jpg'),
(358, 'REALME C63 6/128GB', 1999000, 'realme-c63.jpg'),
(359, 'REALME C63 8/128GB', 2299000, 'realme-c63.jpg'),
(360, 'REALME C65 8/128GB', 2399000, 'realme-c65-.jpg'),
(361, 'REALME C65 8/256GB', 2799000, 'realme-c65-.jpg'),
(362, 'REALME C67 8/128GB', 2399000, 'realme-c67-5g.jpg'),
(363, 'REALME C67 8/256GB', 2799000, 'realme-c67-5g.jpg'),
(364, 'REALME 11 PRO 5G 8/256GB', 4599000, 'realme-11-pro.jpg'),
(365, 'REALME 12 5G 8/256GB', 3299000, 'realme-12-5g.jpg'),
(366, 'REALME 12 PLUS 5G 8/256GB', 4199000, 'realme-12-plus.jpg'),
(367, 'REALME NOTE 50 4/64GB', 1349000, 'realme-note-50.jpg'),
(368, 'REALME NOTE 50 4/128GB', 1549000, 'realme-note-50.jpg'),
(369, 'REALME C33 4/128GB', 1999000, 'realme-c33.jpg'),
(370, 'REALME C53 6/128GB', 1999000, 'realme-c53.jpg'),
(371, 'REALME C51S 6/128GB', 1599000, 'realme-c15-r1.jpg'),
(372, 'XIAOMI REDMI NOTE 13 8/128GB', 2399000, 'xiaomi-redmi-note-13-4g.jpg'),
(373, 'XIAOMI REDMI NOTE 13 8/256GB', 2599000, 'xiaomi-redmi-note-13-4g.jpg'),
(374, 'XIAOMI REDMI 13 8/256GB', 2199000, 'xiaomi-redmi-13-.jpg'),
(375, 'XIAOMI REDMI 13C 6/128GB', 1499000, 'xiaomi-redmi-13c.jpg'),
(376, 'XIAOMI REDMI 13C 8/256GB', 1799000, 'xiaomi-redmi-13c.jpg'),
(377, 'XIAOMI REDMI NOTE 12 8/128GB RESMI', 2499000, 'redmi-note-12-5g-international.jpg'),
(378, 'XIAOMI REDMI NOTE 12 PRO 5G 8/256 RESMI', 3999000, 'xiaomi-redmi-note-12-pro.jpg'),
(379, 'XIAOMI REDMI NOTE 12 PRO 4G 8/256GB RESMI', 3799000, 'xiaomi-redmi-note-12-pro-4g.jpg'),
(380, 'XIAOMI REDMI NOTE 13 5G 8/256GB', 2999000, 'xiaomi-redmi-note-13-5g.jpg'),
(381, 'XIAOMI REDMI NOTE 13 PRO 5G 8/256GB', 4399000, 'xiaomi-redmi-note-13-pro-5g.jpg'),
(382, 'XIAOMI REDMI NOTE 13 PRO 8/256GB', 3799000, 'xiaomi-redmi-note-13-pro-4g.jpg'),
(383, 'XIAOMI REDMI NOTE 13 PRO PLUS 5G 12/512GB', 5999000, 'xiaomi-redmi-note-13-pro-plus-int.jpg'),
(384, 'XIAOMI POCO X6 PRO 5G 12/512GB', 5599000, 'xiaomi-poco-x6-pro.jpg'),
(385, 'XIAOMI REDMI NOTE 13 PRO 5G 12/512GB', 4999000, 'xiaomi-redmi-note-13-pro-5g.jpg'),
(386, 'XIAOMI 14 12/256GB', 11999000, 'xiaomi-14-new.jpg'),
(387, 'POCO F6 12/512GB Resmi', 6199000, 'xiaomi-poco-f6.jpg'),
(388, 'POCO F6 8/256GB Resmi', 5499000, 'xiaomi-poco-f6.jpg'),
(389, 'XIAOMI PAD 6 8/256GB', 4999000, 'xiaomi-pad6.jpg'),
(390, 'XIAOMI REDMI 13 8/128GB', 1999000, 'xiaomi-redmi-13-.jpg'),
(391, 'XIAOMI REDMI 12 8/256GB', 1999000, 'xiaomi-redmi-12-.jpg'),
(392, 'XIAOMI REDMI 12 8/128GB', 1799000, 'xiaomi-redmi-12-.jpg'),
(393, 'XIAOMI REDMI A1 2/32GB RESMI', 599000, 'xiaomi-a1.jpg'),
(394, 'XIAOMI REDMI A3 4/128GB', 1199000, 'xiaomi-redmi-a3.jpg'),
(395, 'XIAOMI REDMI PAD SE 4/128GB', 1999000, 'xiaomi-pad-se.jpg'),
(396, 'INFINIX NOTE 40 8/256GB', 2599000, 'infinix-note-40-4g-.jpg'),
(397, 'INFINIX SMART 8 3/64GB', 1099000, 'infinix-smart8.jpg'),
(398, 'INFINIX HOT 40 PRO 8/256GB', 2199000, 'infinix-hot-40-pro.jpg'),
(399, 'INFINIX NOTE 40S 8/256GB', 3099000, 'infinix-hot-40-pro.jpg'),
(400, 'INFINIX NOTE 40 PRO 5G 8/256GB', 3799000, 'infinix-note-40-pro-5g-.jpg'),
(401, 'INFINIX SMART 8 4/128GB', 1249000, 'infinix-smart8.jpg'),
(402, 'INFINIX SMART 8 PRO 8/128GB', 1399000, 'infinix-smart-8-pro.jpg'),
(403, 'INFINIX GT 20 PRO 5G 8/256GB', 4399000, 'infinix-gt20-pro.jpg'),
(404, 'INFINIX HOT 40i 8/256GB', 1699000, 'infinix-hot-40i.jpg'),
(405, 'TECNO CAMON 20 PRO 8/256GB', 2799000, 'tecno-camon20-pro.jpg'),
(406, 'TECNO POVA 5 PRO 5G 8/256GB', 2599000, 'tecno-pova-5-pro.jpg'),
(407, 'TECNO POVA 6 12/256GB', 2999000, 'tecno-pova-6.jpg'),
(408, 'TECNO POVA 6 8/256GB', 2499000, 'tecno-pova-6.jpg'),
(409, 'TECNO SPARK 20 8/256GB', 1699000, 'tecno-spark-20.jpg'),
(410, 'TECNO SPARK 20 PRO 12/256GB', 2499000, 'tecno-spark-20-pro.jpg'),
(411, 'TECNO POVA 5 8/256GB', 1999000, 'tecno-pova-5.jpg'),
(412, 'TECNO SPARK 20 8/256GB PRO PLUS', 2699000, 'tecno-spark-20.jpg'),
(413, 'TECNO SPARK 20C 4/128 NON NFC', 1199000, 'tecno-spark-20c.jpg'),
(414, 'ASUS ROG 8 12/256GB', 10999000, 'asus-rog-phone-8.jpg'),
(415, 'SAMSUNG GALAXY TABS9+ 12/256GB', 16999000, 'samsung-galaxy-tab-s9-plus-5g1.jpg'),
(416, 'XIAOMI PAD 6 8/256GB RESMI', 4999000, 'xiaomi-pad61.jpg'),
(417, 'XIAOMI PAD 6S PRO 124 8/256GB', 7999000, 'xiaomi-pad-6s-pro-124.jpg'),
(418, 'OPPO FIND N3 16/512GB', 26999000, 'oppo-find-n3.jpg'),
(419, 'OPPO A31 6/128GB', 999000, 'oppo-a31-01.jpg'),
(420, 'OPPO A3S 6/128GB', 499000, 'oppo-a3s.jpg'),
(421, 'OPPO A57 3/32', 749000, 'oppo-a57-5g.jpg'),
(422, 'OPPO A57 4/64', 399000, 'oppo-a57-5g.jpg'),
(423, 'OPPO F1S 4/32', 849000, 'oppo-f1s.jpg'),
(424, 'OPPO F1S 4/64', 849000, 'oppo-f1s.jpg'),
(425, 'OPPO F5 4/64GB', 1049000, 'oppo-f5-youth-a73-new.jpg'),
(426, 'OPPO PAD AIR 4/64GB', 3099000, 'oppo-pad-air.jpg'),
(427, 'OPPO PAD AIR 4/128GB', 3699000, 'oppo-pad-air.jpg');

-- --------------------------------------------------------

--
-- Struktur dari tabel `tbl_hak_akses`
--

CREATE TABLE `tbl_hak_akses` (
  `id` int(11) NOT NULL,
  `id_user_level` int(11) NOT NULL,
  `id_menu` int(11) NOT NULL
) ENGINE=InnoDB DEFAULT CHARSET=latin1 COLLATE=latin1_swedish_ci;

--
-- Dumping data untuk tabel `tbl_hak_akses`
--

INSERT INTO `tbl_hak_akses` (`id`, `id_user_level`, `id_menu`) VALUES
(31, 1, 10),
(32, 1, 11),
(33, 1, 12),
(34, 2, 12),
(35, 3, 13),
(36, 3, 2),
(37, 3, 1),
(38, 3, 14);

-- --------------------------------------------------------

--
-- Struktur dari tabel `tbl_harga`
--

CREATE TABLE `tbl_harga` (
  `id_harga` int(11) NOT NULL,
  `id_tipe` int(11) NOT NULL,
  `id_memori` int(11) NOT NULL,
  `id_kondisi` int(11) NOT NULL,
  `id_kualifikasi` int(11) NOT NULL,
  `harga` bigint(20) NOT NULL
) ENGINE=InnoDB DEFAULT CHARSET=utf8mb4 COLLATE=utf8mb4_general_ci;

--
-- Dumping data untuk tabel `tbl_harga`
--

INSERT INTO `tbl_harga` (`id_harga`, `id_tipe`, `id_memori`, `id_kondisi`, `id_kualifikasi`, `harga`) VALUES
(3, 1, 5, 1, 2, 12000000),
(4, 1, 5, 2, 2, 11500000),
(5, 1, 5, 3, 2, 11000000),
(6, 1, 6, 1, 1, 14500000),
(7, 1, 6, 2, 1, 14000000),
(8, 1, 6, 3, 1, 13500000),
(16, 1, 7, 1, 1, 16500000),
(17, 1, 7, 2, 1, 16000000),
(18, 1, 7, 3, 1, 15000000),
(19, 3, 5, 1, 2, 16500000),
(20, 3, 5, 2, 2, 16000000),
(21, 3, 5, 3, 2, 15500000),
(22, 3, 6, 1, 2, 18500000),
(23, 3, 6, 2, 2, 18000000),
(24, 3, 6, 3, 2, 17500000),
(25, 3, 7, 1, 1, 22500000),
(26, 3, 7, 2, 1, 22000000),
(27, 3, 7, 3, 1, 21000000),
(28, 3, 8, 1, 1, 24500000),
(29, 3, 8, 2, 1, 24000000),
(30, 3, 8, 3, 1, 23500000),
(31, 4, 6, 1, 2, 19500000),
(32, 4, 6, 2, 2, 19000000),
(33, 4, 6, 3, 2, 18500000),
(34, 4, 7, 1, 1, 24000000),
(35, 4, 7, 2, 1, 23000000),
(36, 4, 7, 3, 1, 22500000),
(37, 4, 8, 1, 1, 25500000),
(38, 4, 8, 2, 1, 24500000),
(39, 4, 8, 3, 1, 23500000),
(40, 6, 5, 1, 1, 14000000),
(41, 6, 5, 2, 1, 13500000),
(42, 6, 5, 3, 1, 13000000),
(43, 6, 6, 1, 1, 15500000),
(44, 6, 6, 2, 1, 15200000),
(45, 6, 6, 3, 1, 15000000),
(46, 6, 7, 1, 1, 17000000),
(47, 6, 7, 2, 1, 16700000),
(48, 6, 7, 3, 1, 16500000),
(49, 7, 5, 1, 3, 10000000),
(50, 7, 5, 2, 3, 9800000),
(51, 7, 5, 3, 3, 9600000),
(52, 7, 6, 1, 3, 11300000),
(53, 7, 6, 2, 3, 11000000),
(54, 7, 6, 3, 3, 10500000),
(55, 7, 7, 1, 3, 12000000),
(56, 7, 7, 2, 3, 11700000),
(57, 7, 7, 3, 3, 11500000),
(58, 8, 5, 1, 1, 9700000),
(59, 8, 5, 2, 1, 9500000),
(60, 8, 5, 3, 1, 9000000),
(61, 8, 6, 1, 1, 10700000),
(62, 8, 6, 2, 1, 10400000),
(63, 8, 6, 3, 1, 9700000),
(64, 8, 7, 1, 1, 11700000),
(65, 8, 7, 2, 1, 11500000),
(66, 8, 7, 3, 1, 10800000),
(67, 9, 5, 1, 3, 10700000),
(68, 9, 5, 2, 3, 10500000),
(69, 9, 5, 3, 3, 10200000),
(70, 9, 6, 1, 3, 12000000),
(71, 9, 6, 2, 3, 11700000),
(72, 9, 6, 3, 3, 11200000),
(73, 9, 7, 1, 3, 13000000),
(74, 9, 7, 2, 3, 12700000),
(75, 9, 7, 3, 3, 12200000),
(76, 10, 5, 1, 1, 10200000),
(77, 10, 5, 2, 1, 10000000),
(78, 10, 5, 3, 1, 9400000),
(79, 10, 6, 1, 1, 11150000),
(80, 10, 6, 2, 1, 10900000),
(81, 10, 6, 3, 1, 10200000),
(82, 10, 7, 1, 1, 13750000),
(83, 10, 7, 2, 1, 13500000),
(84, 10, 7, 3, 1, 12800000),
(86, 11, 5, 2, 3, 14000000),
(87, 11, 5, 3, 3, 13500000),
(89, 11, 6, 2, 3, 14500000),
(90, 11, 6, 3, 3, 14000000),
(92, 11, 7, 2, 3, 15500000),
(93, 11, 7, 3, 3, 15000000),
(94, 12, 7, 2, 1, 13500000),
(95, 12, 7, 3, 1, 13000000),
(97, 13, 5, 2, 3, 14500000),
(98, 13, 5, 3, 3, 14000000),
(100, 13, 6, 2, 3, 16000000),
(101, 13, 6, 3, 3, 15500000),
(103, 13, 7, 2, 3, 16500000),
(104, 13, 7, 3, 3, 16000000),
(106, 13, 8, 2, 2, 17000000),
(107, 13, 8, 3, 2, 16500000),
(108, 14, 5, 1, 1, 14300000),
(109, 14, 5, 2, 1, 13500000),
(110, 14, 5, 3, 1, 13000000),
(111, 14, 6, 2, 1, 14000000),
(112, 14, 6, 3, 1, 13500000),
(113, 14, 7, 2, 1, 14500000),
(114, 14, 7, 3, 1, 14000000),
(115, 14, 8, 1, 1, 17850000),
(116, 14, 8, 2, 1, 17600000),
(117, 14, 8, 3, 1, 16750000),
(118, 15, 5, 1, 3, 8600000),
(119, 15, 5, 2, 3, 8500000),
(120, 15, 5, 3, 3, 8200000),
(121, 15, 6, 1, 3, 10500000),
(122, 15, 6, 2, 3, 10200000),
(123, 15, 6, 3, 3, 10000000),
(124, 15, 7, 1, 2, 11000000),
(125, 15, 7, 2, 2, 10700000),
(126, 15, 7, 3, 2, 10500000),
(127, 16, 5, 2, 2, 6300000),
(128, 16, 5, 3, 2, 5800000),
(129, 16, 6, 2, 2, 8000000),
(130, 16, 6, 3, 2, 7500000),
(131, 16, 7, 2, 1, 8500000),
(132, 16, 7, 3, 1, 7500000),
(133, 17, 5, 2, 3, 11000000),
(134, 17, 5, 3, 3, 10500000),
(135, 17, 6, 2, 3, 11500000),
(136, 17, 6, 3, 3, 11000000),
(137, 17, 7, 2, 1, 12000000),
(138, 17, 7, 3, 1, 11500000),
(140, 17, 8, 2, 1, 12000000),
(141, 17, 8, 3, 1, 11500000),
(142, 18, 5, 2, 3, 12000000),
(143, 18, 5, 3, 3, 11500000),
(144, 18, 6, 2, 3, 12500000),
(145, 18, 6, 3, 3, 12000000),
(146, 18, 7, 2, 1, 13500000),
(147, 18, 7, 3, 1, 13000000),
(149, 18, 8, 2, 1, 14000000),
(150, 18, 8, 3, 1, 13500000),
(151, 19, 4, 1, 3, 6500000),
(152, 19, 4, 2, 3, 6200000),
(153, 19, 4, 3, 3, 6000000),
(154, 19, 5, 1, 3, 7000000),
(155, 19, 5, 2, 3, 6700000),
(156, 19, 5, 3, 3, 6500000),
(157, 19, 6, 1, 3, 8000000),
(158, 19, 6, 2, 3, 7800000),
(159, 19, 6, 3, 3, 7500000),
(160, 20, 4, 2, 1, 5000000),
(161, 20, 4, 3, 1, 4500000),
(162, 20, 5, 2, 1, 5500000),
(163, 20, 5, 3, 1, 5000000),
(165, 20, 6, 2, 1, 6000000),
(166, 20, 6, 3, 1, 5500000),
(167, 21, 5, 2, 3, 8500000),
(168, 21, 5, 3, 3, 8000000),
(169, 21, 6, 2, 3, 9500000),
(170, 21, 6, 3, 3, 9000000),
(171, 21, 7, 2, 2, 10500000),
(172, 21, 7, 3, 2, 10000000),
(173, 22, 5, 2, 3, 9500000),
(174, 22, 5, 3, 3, 9000000),
(175, 22, 6, 2, 3, 10000000),
(176, 22, 6, 3, 3, 9500000),
(177, 22, 7, 2, 2, 11000000),
(178, 22, 7, 3, 2, 10500000),
(179, 23, 4, 1, 3, 5000000),
(180, 23, 4, 2, 3, 4700000),
(181, 23, 4, 3, 3, 4400000),
(182, 23, 5, 1, 3, 6500000),
(183, 23, 5, 2, 3, 6300000),
(184, 23, 5, 3, 3, 6000000),
(186, 24, 6, 3, 1, 8500000),
(187, 24, 4, 3, 1, 8000000),
(188, 25, 4, 2, 2, 4500000),
(189, 25, 4, 3, 2, 4200000),
(190, 25, 5, 2, 3, 4800000),
(191, 25, 5, 3, 3, 4500000),
(193, 25, 6, 2, 2, 5500000),
(194, 25, 6, 3, 2, 5200000),
(196, 26, 4, 2, 1, 4500000),
(197, 26, 4, 3, 1, 4000000),
(198, 27, 5, 2, 3, 5600000),
(199, 27, 5, 3, 3, 5300000),
(200, 27, 6, 2, 3, 6000000),
(201, 27, 6, 3, 3, 5700000),
(202, 27, 7, 2, 1, 6500000),
(203, 27, 7, 3, 1, 6000000),
(204, 28, 5, 2, 3, 6500000),
(205, 28, 5, 3, 3, 6000000),
(206, 28, 6, 2, 3, 7000000),
(207, 28, 6, 3, 3, 6500000),
(208, 28, 7, 2, 1, 7500000),
(209, 28, 7, 3, 1, 7000000),
(210, 29, 5, 1, 3, 7900000),
(211, 29, 5, 2, 3, 7700000),
(212, 29, 6, 1, 3, 8400000),
(213, 29, 6, 2, 3, 8200000),
(214, 29, 6, 3, 3, 7600000),
(215, 29, 7, 1, 2, 11500000),
(216, 29, 7, 2, 2, 11000000),
(217, 29, 7, 3, 2, 10500000),
(218, 30, 5, 1, 1, 7050000),
(219, 30, 5, 2, 1, 6800000),
(220, 30, 5, 3, 1, 6300000),
(221, 30, 6, 1, 1, 7450000),
(222, 30, 6, 2, 1, 7300000),
(223, 30, 6, 3, 1, 6700000),
(224, 31, 5, 2, 3, 8500000),
(225, 31, 5, 3, 3, 8000000),
(226, 31, 6, 2, 3, 9000000),
(227, 31, 6, 3, 3, 8000000),
(228, 31, 7, 2, 2, 9000000),
(229, 31, 7, 3, 2, 8500000),
(230, 32, 5, 2, 3, 9500000),
(231, 32, 5, 3, 3, 9000000),
(232, 32, 6, 2, 3, 10000000),
(233, 32, 6, 3, 3, 9500000),
(234, 32, 7, 2, 2, 10500000),
(235, 32, 7, 3, 2, 10000000),
(237, 33, 4, 2, 3, 3700000),
(238, 33, 4, 3, 3, 3500000),
(240, 33, 5, 2, 3, 4300000),
(241, 33, 5, 3, 3, 4000000),
(242, 33, 6, 2, 2, 4700000),
(243, 33, 6, 3, 2, 4400000),
(244, 34, 4, 2, 3, 4700000),
(245, 34, 4, 3, 3, 4400000),
(246, 34, 6, 2, 3, 5000000),
(247, 34, 6, 3, 3, 4700000),
(248, 34, 7, 2, 2, 5500000),
(249, 34, 7, 3, 2, 5200000),
(250, 35, 4, 2, 3, 5500000),
(251, 35, 4, 3, 3, 5300000),
(252, 35, 6, 2, 3, 6000000),
(253, 35, 6, 3, 3, 5700000),
(254, 35, 7, 2, 1, 6500000),
(255, 35, 7, 3, 1, 6200000),
(256, 36, 4, 2, 1, 2200000),
(257, 36, 4, 3, 1, 2000000),
(258, 36, 5, 2, 1, 2400000),
(259, 36, 5, 2, 1, 2200000),
(261, 36, 6, 2, 1, 2600000),
(262, 36, 6, 3, 1, 2400000),
(263, 37, 4, 1, 1, 2750000),
(264, 37, 4, 2, 1, 2600000),
(265, 37, 4, 3, 1, 2300000),
(266, 37, 5, 1, 1, 3300000),
(267, 37, 5, 2, 1, 3100000),
(268, 37, 5, 3, 1, 2600000),
(269, 38, 4, 2, 1, 3000000),
(270, 38, 4, 3, 1, 2700000),
(272, 38, 5, 2, 1, 3300000),
(273, 38, 5, 3, 1, 3000000),
(274, 38, 6, 2, 1, 3600000),
(275, 38, 6, 3, 1, 3300000),
(276, 39, 4, 2, 3, 2500000),
(277, 39, 4, 3, 3, 2200000),
(279, 40, 4, 2, 3, 2700000),
(280, 40, 4, 3, 3, 2400000),
(282, 40, 5, 2, 3, 3000000),
(283, 40, 5, 3, 3, 2700000),
(284, 40, 6, 2, 3, 3500000),
(285, 40, 6, 3, 3, 3200000),
(286, 41, 4, 2, 3, 2800000),
(287, 41, 4, 3, 3, 2600000),
(288, 41, 6, 2, 3, 3200000),
(289, 41, 6, 3, 3, 3000000),
(290, 41, 7, 2, 2, 3500000),
(291, 41, 7, 3, 2, 3300000),
(293, 42, 4, 2, 3, 3500000),
(294, 42, 4, 3, 3, 3200000),
(296, 42, 6, 2, 2, 3700000),
(297, 42, 6, 3, 2, 3400000),
(299, 42, 7, 2, 1, 3800000),
(300, 42, 7, 3, 1, 3500000),
(301, 43, 4, 2, 3, 1500000),
(302, 43, 4, 3, 3, 1300000),
(303, 43, 6, 2, 3, 1800000),
(304, 43, 6, 3, 3, 1600000),
(305, 44, 4, 2, 3, 2000000),
(306, 44, 4, 3, 3, 1700000),
(307, 44, 6, 2, 3, 2300000),
(308, 44, 6, 3, 3, 2000000),
(310, 45, 5, 2, 3, 1200000),
(311, 45, 5, 3, 3, 1000000),
(312, 46, 5, 2, 3, 1500000),
(313, 46, 5, 3, 3, 1200000),
(314, 47, 3, 2, 3, 1800000),
(315, 47, 3, 3, 3, 1500000),
(316, 47, 5, 2, 3, 2000000),
(317, 47, 5, 3, 3, 1700000),
(318, 48, 10, 1, 1, 2850000),
(319, 48, 10, 2, 1, 2700000),
(320, 48, 10, 3, 1, 2200000),
(321, 49, 10, 1, 1, 2250000),
(322, 49, 10, 2, 1, 2100000),
(323, 49, 10, 3, 1, 1900000),
(324, 50, 10, 1, 1, 2500000),
(325, 50, 10, 2, 1, 2250000),
(326, 50, 10, 3, 1, 2000000),
(327, 51, 10, 1, 1, 2700000),
(328, 51, 10, 2, 1, 2500000),
(329, 51, 10, 3, 1, 2300000),
(330, 52, 10, 1, 1, 2850000),
(331, 52, 10, 2, 1, 2650000),
(332, 52, 10, 3, 1, 2400000),
(333, 53, 10, 1, 1, 1350000),
(334, 53, 10, 2, 1, 1200000),
(335, 53, 10, 3, 1, 1000000),
(336, 54, 10, 1, 1, 1450000),
(337, 54, 10, 2, 1, 1350000),
(338, 54, 10, 3, 1, 1200000),
(339, 55, 10, 1, 1, 1500000),
(340, 55, 10, 2, 1, 1350000),
(341, 55, 10, 3, 1, 1150000),
(342, 56, 10, 1, 1, 1600000),
(343, 56, 10, 2, 1, 1450000),
(344, 56, 10, 3, 1, 1200000),
(345, 57, 10, 1, 1, 2150000),
(346, 57, 10, 2, 1, 2000000),
(347, 57, 10, 3, 1, 1850000),
(349, 58, 10, 2, 1, 800000),
(350, 58, 10, 3, 1, 1000000),
(352, 59, 10, 2, 1, 1200000),
(353, 59, 10, 3, 1, 1000000),
(354, 60, 10, 1, 1, 2300000),
(355, 60, 10, 2, 1, 2100000),
(356, 60, 10, 3, 1, 1900000),
(357, 61, 10, 1, 1, 2450000),
(358, 61, 10, 2, 1, 2300000),
(359, 61, 10, 3, 1, 2100000),
(360, 62, 10, 2, 1, 1300000),
(361, 62, 10, 3, 1, 1500000),
(362, 63, 10, 1, 1, 2600000),
(363, 63, 10, 2, 1, 2450000),
(364, 63, 10, 3, 1, 2200000),
(366, 64, 10, 2, 1, 1600000),
(367, 64, 10, 3, 1, 1800000),
(368, 65, 10, 1, 1, 2200000),
(369, 65, 10, 2, 1, 2000000),
(370, 65, 10, 3, 1, 1800000),
(372, 66, 10, 2, 1, 1800000),
(373, 66, 10, 3, 1, 1600000),
(374, 67, 10, 1, 1, 2400000),
(375, 67, 10, 2, 1, 2200000),
(376, 67, 10, 3, 1, 2000000),
(378, 68, 10, 2, 1, 2000000),
(379, 68, 10, 3, 1, 1800000),
(380, 69, 10, 1, 1, 3650000),
(381, 69, 10, 2, 1, 3350000),
(382, 69, 10, 3, 1, 3100000),
(384, 70, 10, 2, 1, 2200000),
(385, 70, 10, 3, 1, 2000000),
(386, 71, 10, 1, 1, 3000000),
(387, 71, 10, 2, 1, 2700000),
(388, 71, 10, 3, 1, 2400000),
(390, 72, 10, 2, 1, 2500000),
(391, 72, 10, 3, 1, 2300000),
(392, 73, 10, 1, 1, 4000000),
(393, 73, 10, 2, 1, 3800000),
(394, 73, 10, 3, 1, 3600000),
(395, 74, 10, 1, 1, 3200000),
(396, 74, 10, 2, 1, 3000000),
(397, 74, 10, 3, 1, 2800000),
(398, 75, 10, 1, 1, 4200000),
(399, 75, 10, 2, 1, 4000000),
(400, 75, 10, 3, 1, 3800000),
(401, 76, 10, 1, 1, 3500000),
(402, 76, 10, 2, 1, 3200000),
(403, 76, 10, 3, 1, 3000000),
(404, 77, 4, 1, 1, 4000000),
(405, 77, 4, 2, 1, 3500000),
(406, 77, 4, 3, 1, 3000000),
(407, 77, 6, 1, 1, 5000000),
(408, 77, 6, 2, 1, 4500000),
(409, 77, 6, 3, 1, 4000000),
(410, 78, 4, 1, 1, 3500000),
(411, 78, 4, 2, 1, 3300000),
(412, 78, 4, 3, 1, 3000000),
(413, 78, 6, 1, 1, 5000000),
(414, 78, 6, 2, 1, 4700000),
(415, 78, 6, 3, 1, 4300000),
(416, 79, 4, 1, 1, 7500000),
(417, 79, 4, 2, 1, 7000000),
(418, 79, 4, 3, 1, 6500000),
(419, 79, 6, 1, 1, 10000000),
(420, 79, 6, 2, 1, 9500000),
(421, 79, 6, 3, 1, 9000000),
(422, 80, 4, 1, 1, 6500000),
(423, 80, 4, 2, 1, 6000000),
(424, 80, 4, 3, 1, 5500000),
(425, 80, 6, 1, 1, 7000000),
(426, 80, 6, 2, 1, 7000000),
(427, 80, 6, 3, 1, 6500000),
(428, 81, 4, 1, 1, 5000000),
(429, 81, 4, 2, 1, 4500000),
(430, 81, 4, 3, 1, 4000000),
(431, 81, 6, 1, 1, 6500000),
(432, 81, 6, 2, 1, 6200000),
(433, 81, 6, 3, 1, 6000000),
(434, 82, 4, 1, 1, 6500000),
(435, 82, 4, 2, 1, 6200000),
(436, 82, 4, 3, 1, 6000000),
(437, 82, 6, 1, 1, 8500000),
(438, 82, 6, 2, 1, 8200000),
(439, 82, 6, 3, 1, 8000000),
(440, 83, 4, 1, 2, 6000000),
(441, 83, 4, 2, 2, 5500000),
(442, 83, 4, 3, 2, 5000000),
(443, 83, 6, 1, 1, 7000000),
(444, 83, 6, 2, 1, 6500000),
(445, 83, 6, 3, 1, 6000000),
(446, 84, 4, 1, 1, 6500000),
(447, 84, 4, 2, 1, 6000000),
(448, 84, 4, 3, 1, 5500000),
(449, 84, 6, 1, 1, 10000000),
(450, 84, 6, 2, 1, 9500000),
(451, 84, 6, 3, 1, 9000000),
(452, 85, 4, 1, 1, 5500000),
(453, 85, 4, 2, 1, 5000000),
(454, 85, 4, 3, 1, 4500000),
(455, 85, 6, 1, 1, 6500000),
(456, 85, 6, 2, 1, 6000000),
(457, 85, 6, 3, 1, 5500000),
(461, 87, 5, 1, 1, 11000000),
(462, 87, 5, 2, 1, 10500000),
(463, 87, 5, 3, 1, 10000000),
(464, 87, 6, 1, 1, 12250000),
(465, 87, 6, 2, 1, 11750000),
(466, 87, 6, 3, 1, 11000000),
(467, 88, 5, 1, 1, 7750000),
(468, 88, 5, 2, 1, 7300000),
(469, 88, 5, 3, 1, 6750000),
(470, 88, 6, 1, 1, 10750000),
(471, 88, 6, 2, 1, 10250000),
(472, 88, 6, 3, 1, 9500000),
(473, 89, 5, 1, 1, 11500000),
(474, 89, 5, 2, 1, 10500000),
(475, 89, 5, 3, 1, 9500000),
(476, 89, 6, 1, 1, 12500000),
(477, 89, 6, 2, 1, 12150000),
(478, 89, 6, 3, 1, 11500000),
(479, 89, 7, 1, 1, 15000000),
(480, 89, 7, 2, 1, 14500000),
(481, 89, 7, 3, 1, 13750000),
(482, 90, 5, 1, 1, 13500000),
(483, 90, 5, 2, 1, 13100000),
(484, 90, 5, 3, 1, 12250000),
(485, 90, 6, 1, 1, 14750000),
(486, 90, 6, 2, 1, 14200000),
(487, 90, 6, 3, 1, 13650000),
(488, 90, 7, 1, 1, 17500000),
(489, 90, 7, 2, 1, 17000000),
(490, 90, 7, 3, 1, 16250000),
(491, 91, 5, 1, 1, 13500000),
(492, 91, 5, 2, 1, 13000000),
(493, 91, 5, 3, 1, 12500000),
(494, 91, 6, 1, 1, 14500000),
(495, 91, 6, 2, 1, 14000000),
(496, 91, 6, 3, 1, 13500000),
(497, 91, 7, 1, 1, 17000000),
(498, 91, 7, 2, 1, 16500000),
(499, 91, 7, 3, 1, 16000000),
(500, 92, 5, 1, 1, 15000000),
(501, 92, 5, 2, 1, 14500000),
(502, 92, 5, 3, 1, 14000000),
(503, 92, 6, 1, 1, 16000000),
(504, 92, 6, 2, 1, 15500000),
(505, 92, 6, 3, 1, 15000000),
(506, 92, 7, 1, 1, 17000000),
(507, 92, 7, 2, 1, 16500000),
(508, 92, 7, 3, 1, 16000000),
(509, 93, 6, 1, 1, 8500000),
(510, 93, 6, 2, 1, 8000000),
(511, 93, 6, 3, 1, 7500000),
(512, 94, 6, 1, 1, 5750000),
(513, 94, 6, 2, 1, 5500000),
(514, 94, 6, 3, 1, 5000000),
(515, 95, 5, 2, 1, 4500000),
(516, 95, 5, 3, 1, 4000000),
(517, 95, 6, 2, 1, 5500000),
(518, 95, 6, 3, 1, 5200000),
(519, 96, 3, 1, 3, 500000),
(520, 96, 3, 2, 3, 350000),
(521, 96, 3, 3, 3, 250000),
(522, 97, 3, 1, 3, 500000),
(523, 97, 3, 2, 3, 350000),
(524, 97, 3, 3, 3, 250000),
(525, 97, 4, 1, 3, 700000),
(526, 97, 4, 2, 3, 600000),
(527, 97, 4, 3, 3, 500000),
(528, 98, 3, 1, 2, 600000),
(529, 98, 3, 2, 2, 500000),
(530, 98, 3, 3, 2, 400000),
(531, 98, 4, 1, 1, 700000),
(532, 98, 4, 2, 1, 600000),
(533, 98, 4, 3, 1, 500000),
(534, 99, 4, 1, 3, 800000),
(535, 99, 4, 2, 3, 700000),
(536, 99, 4, 3, 3, 600000),
(537, 99, 5, 1, 3, 900000),
(538, 99, 5, 2, 3, 800000),
(539, 99, 5, 3, 1, 700000),
(540, 100, 5, 1, 3, 1000000),
(541, 100, 5, 2, 3, 900000),
(542, 100, 5, 3, 3, 750000),
(543, 101, 5, 1, 2, 750000),
(544, 101, 5, 2, 2, 650000),
(545, 101, 5, 3, 2, 550000),
(546, 102, 4, 1, 3, 750000),
(547, 102, 4, 2, 3, 650000),
(548, 102, 4, 3, 3, 550000),
(549, 103, 5, 1, 1, 1000000),
(550, 103, 5, 2, 1, 800000),
(551, 103, 5, 3, 1, 650000),
(552, 104, 5, 1, 2, 950000),
(553, 104, 5, 2, 2, 850000),
(554, 104, 5, 3, 2, 750000),
(555, 105, 4, 1, 3, 700000),
(556, 105, 4, 2, 3, 600000),
(557, 105, 4, 3, 3, 500000),
(558, 105, 5, 1, 3, 800000),
(559, 105, 5, 2, 3, 700000),
(560, 105, 5, 3, 3, 600000),
(561, 106, 5, 1, 2, 1000000),
(562, 106, 5, 2, 2, 850000),
(563, 106, 5, 3, 2, 750000),
(564, 107, 4, 1, 3, 750000),
(565, 107, 4, 2, 3, 650000),
(566, 107, 4, 3, 3, 550000),
(567, 107, 5, 1, 2, 900000),
(568, 107, 5, 2, 2, 750000),
(569, 107, 5, 3, 2, 650000),
(570, 109, 5, 1, 2, 1000000),
(571, 109, 5, 2, 2, 900000),
(572, 109, 5, 3, 2, 700000),
(573, 110, 5, 1, 1, 1000000),
(574, 110, 5, 2, 1, 900000),
(575, 110, 5, 3, 1, 750000),
(576, 111, 5, 1, 2, 900000),
(577, 111, 5, 2, 2, 800000),
(578, 111, 5, 3, 2, 650000),
(579, 112, 6, 1, 2, 1400000),
(580, 112, 6, 2, 2, 1300000),
(581, 112, 6, 3, 2, 1150000),
(582, 113, 6, 1, 3, 1200000),
(583, 113, 6, 2, 3, 1100000),
(584, 113, 6, 3, 3, 1000000),
(585, 114, 6, 1, 2, 2500000),
(586, 114, 6, 2, 2, 2300000),
(587, 114, 6, 3, 2, 1900000),
(588, 115, 6, 1, 2, 2500000),
(589, 115, 6, 2, 2, 2350000),
(590, 115, 6, 3, 2, 2000000),
(591, 116, 5, 1, 1, 2000000),
(592, 116, 5, 2, 1, 1800000),
(593, 116, 5, 3, 1, 1700000),
(594, 117, 6, 1, 1, 3500000),
(595, 117, 6, 2, 1, 3300000),
(596, 117, 6, 3, 1, 3000000),
(597, 118, 5, 1, 2, 1400000),
(598, 118, 5, 2, 2, 1250000),
(599, 118, 5, 3, 2, 1000000),
(600, 119, 5, 1, 1, 1500000),
(601, 119, 5, 2, 1, 1300000),
(602, 119, 5, 3, 1, 1100000),
(603, 119, 6, 1, 1, 1700000),
(604, 119, 6, 2, 1, 1500000),
(605, 119, 6, 3, 1, 1350000),
(606, 120, 6, 1, 1, 2000000),
(607, 120, 6, 2, 1, 1800000),
(608, 120, 6, 3, 1, 1500000),
(609, 121, 6, 1, 2, 1400000),
(610, 121, 6, 2, 2, 1300000),
(611, 121, 6, 3, 2, 1200000),
(612, 122, 6, 1, 2, 1600000),
(613, 122, 6, 2, 2, 1400000),
(614, 122, 6, 3, 2, 1200000),
(615, 123, 6, 1, 3, 3100000),
(616, 123, 6, 2, 3, 3000000),
(617, 123, 6, 3, 3, 2700000),
(618, 124, 6, 1, 3, 1800000),
(619, 124, 6, 2, 3, 1700000),
(620, 124, 6, 3, 3, 1500000),
(621, 125, 6, 1, 3, 1600000),
(622, 125, 6, 2, 3, 1500000),
(623, 125, 6, 3, 3, 1300000),
(624, 126, 3, 2, 1, 800000),
(625, 126, 3, 3, 1, 700000),
(626, 127, 3, 2, 3, 800000),
(627, 127, 3, 3, 3, 700000),
(628, 127, 4, 2, 2, 900000),
(629, 127, 4, 3, 2, 800000),
(630, 128, 3, 2, 3, 800000),
(631, 128, 3, 3, 3, 650000),
(632, 129, 4, 2, 2, 850000),
(633, 129, 4, 3, 2, 800000),
(634, 130, 4, 1, 3, 900000),
(635, 130, 4, 2, 3, 800000),
(636, 130, 4, 3, 3, 700000),
(637, 131, 4, 1, 3, 800000),
(638, 131, 4, 2, 3, 700000),
(639, 131, 4, 3, 3, 600000),
(640, 132, 5, 1, 2, 1000000),
(641, 132, 5, 2, 2, 850000),
(642, 132, 5, 3, 2, 700000),
(643, 133, 3, 2, 2, 750000),
(644, 133, 3, 3, 2, 600000),
(645, 134, 3, 2, 2, 850000),
(646, 134, 3, 3, 2, 750000),
(647, 135, 5, 1, 2, 1200000),
(648, 135, 5, 2, 2, 1100000),
(649, 135, 5, 3, 2, 1000000),
(650, 136, 4, 1, 2, 1300000),
(651, 136, 4, 2, 2, 1200000),
(652, 136, 4, 3, 2, 1100000),
(653, 136, 5, 1, 2, 1450000),
(654, 136, 5, 2, 2, 1350000),
(655, 136, 5, 3, 2, 1250000),
(656, 137, 4, 2, 2, 800000),
(657, 137, 4, 3, 2, 700000),
(658, 137, 5, 2, 2, 850000),
(659, 137, 5, 3, 2, 800000),
(660, 138, 5, 2, 2, 1000000),
(661, 138, 5, 3, 2, 900000),
(662, 139, 4, 2, 2, 1100000),
(663, 139, 4, 3, 2, 900000),
(665, 140, 4, 2, 3, 900000),
(666, 140, 4, 3, 3, 800000),
(668, 140, 5, 2, 2, 1100000),
(669, 140, 5, 3, 2, 1000000),
(670, 141, 5, 1, 1, 1850000),
(671, 141, 5, 2, 1, 1700000),
(672, 141, 5, 3, 1, 1500000),
(673, 142, 5, 1, 2, 1200000),
(674, 142, 5, 2, 2, 1100000),
(675, 142, 5, 3, 2, 1000000),
(676, 143, 5, 1, 3, 1500000),
(677, 143, 5, 2, 3, 1300000),
(678, 143, 5, 3, 3, 1000000),
(679, 144, 6, 1, 2, 1800000),
(680, 144, 6, 2, 2, 1700000),
(681, 144, 6, 3, 2, 1500000),
(682, 145, 5, 1, 2, 2000000),
(683, 145, 5, 2, 2, 1800000),
(684, 145, 5, 3, 2, 1500000),
(685, 146, 6, 1, 1, 2500000),
(686, 146, 6, 2, 1, 2400000),
(687, 146, 6, 3, 1, 2200000),
(688, 147, 5, 1, 1, 1500000),
(689, 147, 5, 2, 1, 1400000),
(690, 147, 5, 3, 1, 1250000),
(691, 148, 5, 1, 1, 1400000),
(692, 148, 5, 2, 1, 1200000),
(693, 148, 5, 3, 1, 1000000),
(694, 149, 5, 1, 2, 1300000),
(695, 149, 5, 2, 2, 1200000),
(696, 149, 5, 3, 2, 1000000),
(697, 150, 6, 1, 2, 1500000),
(698, 150, 6, 2, 2, 1300000),
(699, 150, 6, 3, 2, 1000000),
(700, 151, 6, 1, 2, 2200000),
(701, 151, 6, 2, 2, 2000000),
(702, 151, 6, 3, 2, 1700000),
(703, 152, 5, 1, 1, 1150000),
(704, 152, 5, 2, 1, 1050000),
(705, 152, 5, 3, 1, 950000),
(706, 153, 6, 1, 1, 6500000),
(707, 153, 6, 2, 1, 6000000),
(708, 153, 6, 3, 1, 5500000),
(709, 154, 7, 1, 1, 16000000),
(710, 154, 7, 2, 1, 15500000),
(711, 154, 7, 3, 1, 15000000),
(712, 155, 6, 1, 1, 8000000),
(713, 155, 6, 2, 1, 7500000),
(714, 155, 6, 3, 1, 7000000),
(715, 156, 6, 1, 1, 6500000),
(716, 156, 6, 2, 1, 6000000),
(717, 156, 6, 3, 1, 5500000),
(718, 157, 5, 1, 2, 1500000),
(719, 157, 5, 2, 2, 1400000),
(720, 157, 5, 3, 2, 1300000),
(721, 158, 5, 1, 2, 1700000),
(722, 158, 5, 2, 2, 1600000),
(723, 158, 5, 3, 2, 1500000),
(724, 159, 4, 1, 1, 2700000),
(725, 159, 4, 2, 1, 2500000),
(726, 159, 4, 3, 1, 2200000),
(727, 160, 6, 1, 2, 3300000),
(728, 160, 6, 2, 2, 3200000),
(729, 160, 6, 3, 2, 3000000),
(730, 161, 6, 1, 2, 3700000),
(731, 161, 6, 2, 2, 3500000),
(732, 161, 6, 3, 2, 3300000),
(733, 162, 6, 1, 2, 5500000),
(734, 162, 6, 2, 2, 5200000),
(735, 162, 6, 3, 2, 4700000),
(736, 163, 6, 1, 2, 3700000),
(737, 163, 6, 2, 2, 3600000),
(738, 163, 6, 3, 2, 3500000),
(739, 164, 6, 1, 1, 3000000),
(740, 164, 6, 2, 1, 2800000),
(741, 164, 6, 3, 1, 2400000),
(742, 165, 7, 1, 2, 4600000),
(743, 165, 7, 2, 2, 4500000),
(744, 165, 7, 3, 2, 4400000),
(745, 166, 5, 2, 1, 1400000),
(746, 166, 5, 3, 1, 1150000),
(747, 167, 5, 2, 1, 1800000),
(748, 167, 5, 3, 1, 1500000),
(749, 168, 5, 2, 2, 1800000),
(750, 168, 5, 3, 2, 1600000),
(751, 169, 6, 2, 1, 2000000),
(752, 169, 6, 3, 1, 1750000),
(753, 170, 6, 2, 1, 2400000),
(754, 170, 6, 3, 1, 2000000),
(755, 171, 5, 2, 1, 2200000),
(756, 171, 5, 3, 1, 1900000),
(757, 172, 6, 2, 3, 2400000),
(758, 172, 6, 3, 3, 2000000),
(759, 173, 6, 1, 2, 2600000),
(760, 173, 6, 2, 2, 2500000),
(761, 173, 6, 3, 2, 2400000),
(762, 174, 6, 1, 1, 3000000),
(763, 174, 6, 2, 1, 2800000),
(764, 174, 6, 3, 1, 2500000),
(765, 175, 6, 1, 2, 2200000),
(766, 175, 6, 2, 2, 2000000),
(767, 175, 6, 3, 2, 1800000),
(768, 176, 5, 1, 1, 2400000),
(769, 176, 5, 2, 1, 2300000),
(770, 176, 5, 3, 1, 2100000),
(771, 176, 6, 1, 1, 2600000),
(772, 176, 6, 2, 1, 2500000),
(773, 176, 6, 3, 1, 2300000),
(774, 177, 6, 2, 1, 2600000),
(775, 177, 6, 3, 1, 2300000),
(776, 178, 4, 1, 2, 1300000),
(777, 178, 4, 2, 2, 1200000),
(778, 178, 4, 3, 2, 1000000),
(779, 179, 5, 2, 1, 1750000),
(780, 179, 5, 3, 1, 1250000),
(781, 180, 5, 2, 1, 1500000),
(782, 180, 5, 3, 1, 1000000),
(783, 181, 5, 2, 1, 1200000),
(784, 181, 5, 3, 1, 900000),
(785, 182, 5, 2, 1, 1250000),
(786, 182, 5, 3, 1, 950000),
(787, 183, 4, 2, 1, 800000),
(788, 183, 4, 3, 1, 600000),
(789, 184, 5, 2, 1, 1250000),
(790, 184, 5, 3, 1, 900000),
(791, 185, 5, 2, 1, 1150000),
(792, 185, 5, 3, 1, 1000000),
(793, 186, 7, 1, 2, 3600000),
(794, 186, 7, 2, 2, 3500000),
(795, 186, 7, 3, 2, 3300000),
(796, 187, 7, 2, 2, 3500000),
(797, 187, 7, 3, 2, 3200000),
(799, 188, 6, 2, 2, 2700000),
(800, 188, 6, 3, 2, 2500000),
(802, 189, 6, 2, 2, 2000000),
(803, 189, 6, 3, 2, 1700000),
(805, 190, 5, 2, 1, 2700000),
(806, 190, 5, 3, 1, 2500000),
(808, 190, 6, 2, 1, 3000000),
(809, 190, 6, 3, 1, 2700000),
(811, 191, 6, 2, 1, 2300000),
(812, 191, 6, 3, 1, 2100000),
(814, 191, 5, 2, 2, 2000000),
(815, 191, 5, 3, 2, 1700000),
(817, 192, 6, 2, 2, 1700000),
(818, 192, 6, 3, 2, 1500000),
(820, 192, 5, 2, 2, 1400000),
(821, 192, 5, 3, 2, 1200000),
(822, 193, 4, 1, 2, 800000),
(823, 193, 4, 2, 2, 750000),
(824, 193, 4, 3, 2, 650000),
(825, 193, 5, 1, 2, 900000),
(826, 193, 5, 2, 2, 800000),
(827, 193, 5, 3, 2, 750000),
(828, 194, 4, 2, 1, 900000),
(829, 194, 4, 3, 1, 700000),
(830, 194, 3, 2, 1, 700000),
(831, 194, 3, 3, 1, 550000),
(832, 195, 4, 2, 2, 1050000),
(833, 195, 4, 3, 2, 850000),
(834, 195, 5, 2, 2, 1350000),
(835, 195, 5, 3, 2, 1000000),
(836, 196, 4, 2, 2, 950000),
(837, 196, 4, 3, 2, 800000),
(839, 197, 5, 2, 1, 2850000),
(840, 197, 5, 3, 1, 2500000),
(842, 198, 6, 2, 1, 3150000),
(843, 198, 6, 3, 1, 2700000),
(844, 199, 6, 1, 2, 2100000),
(845, 199, 6, 2, 2, 1950000),
(846, 199, 6, 3, 2, 1800000),
(847, 199, 5, 1, 2, 1800000),
(848, 199, 5, 2, 2, 1650000),
(849, 199, 5, 3, 2, 1500000),
(850, 200, 6, 1, 2, 2100000),
(851, 200, 6, 2, 2, 1900000),
(852, 200, 6, 3, 2, 1700000),
(853, 200, 5, 1, 2, 1600000),
(854, 200, 5, 2, 2, 1550000),
(855, 200, 5, 3, 2, 1300000),
(856, 201, 6, 1, 2, 1550000),
(857, 201, 6, 2, 2, 1450000),
(858, 201, 6, 3, 2, 1300000),
(859, 201, 5, 1, 2, 1400000),
(860, 201, 5, 2, 2, 1300000),
(861, 201, 5, 3, 2, 1200000),
(862, 202, 5, 1, 2, 1300000),
(863, 202, 5, 2, 2, 1200000),
(864, 202, 5, 3, 2, 1000000),
(865, 203, 5, 1, 1, 1200000),
(866, 203, 5, 2, 1, 1100000),
(867, 203, 5, 3, 1, 1000000),
(868, 204, 4, 1, 2, 900000),
(869, 204, 4, 2, 2, 750000),
(870, 204, 4, 3, 2, 650000),
(871, 204, 5, 1, 2, 1200000),
(872, 204, 5, 2, 2, 1150000),
(873, 204, 5, 3, 2, 1000000),
(874, 205, 4, 1, 3, 1100000),
(875, 205, 4, 2, 3, 1000000),
(876, 205, 4, 3, 3, 900000),
(877, 205, 5, 1, 3, 1300000),
(878, 205, 5, 2, 3, 1200000),
(879, 205, 5, 3, 3, 1000000),
(880, 206, 4, 1, 3, 1000000),
(881, 206, 4, 2, 3, 850000),
(882, 206, 4, 3, 3, 750000),
(883, 206, 5, 1, 2, 1300000),
(884, 206, 5, 2, 2, 1200000),
(885, 206, 5, 3, 2, 1000000),
(886, 206, 3, 2, 3, 650000),
(887, 206, 3, 3, 3, 500000),
(888, 207, 4, 1, 3, 700000),
(889, 207, 4, 2, 3, 600000),
(890, 207, 4, 3, 3, 500000),
(891, 207, 3, 1, 3, 700000),
(892, 207, 3, 2, 3, 600000),
(893, 207, 3, 3, 3, 500000),
(894, 208, 3, 1, 3, 800000),
(895, 208, 3, 2, 3, 700000),
(896, 208, 3, 3, 3, 550000),
(897, 208, 4, 1, 3, 950000),
(898, 208, 4, 2, 3, 850000),
(899, 208, 4, 3, 3, 700000),
(900, 209, 4, 1, 3, 950000),
(901, 209, 4, 2, 3, 850000),
(902, 209, 4, 3, 3, 700000),
(903, 209, 3, 2, 3, 700000),
(904, 209, 3, 3, 3, 550000),
(905, 210, 4, 1, 3, 850000),
(906, 210, 4, 2, 3, 750000),
(907, 210, 4, 3, 3, 650000),
(908, 211, 5, 1, 2, 1200000),
(909, 211, 5, 2, 2, 1100000),
(910, 211, 5, 3, 2, 900000),
(911, 212, 3, 1, 2, 800000),
(912, 212, 3, 2, 2, 700000),
(913, 212, 3, 3, 2, 500000),
(914, 212, 4, 1, 2, 900000),
(915, 212, 4, 2, 2, 800000),
(916, 212, 4, 3, 2, 650000),
(917, 213, 4, 1, 2, 800000),
(918, 213, 4, 2, 2, 700000),
(919, 213, 4, 3, 2, 600000),
(920, 213, 5, 1, 2, 900000),
(921, 213, 5, 2, 2, 800000),
(922, 213, 5, 3, 2, 700000),
(923, 214, 3, 2, 3, 650000),
(924, 214, 3, 3, 3, 500000),
(925, 214, 4, 1, 3, 900000),
(926, 214, 4, 2, 3, 800000),
(927, 214, 4, 3, 3, 600000),
(929, 215, 5, 2, 2, 1450000),
(930, 215, 5, 3, 2, 1200000),
(932, 216, 6, 2, 1, 2600000),
(933, 216, 6, 3, 1, 2400000),
(935, 216, 5, 2, 1, 2400000),
(936, 216, 5, 3, 1, 2250000),
(938, 217, 5, 2, 2, 2000000),
(939, 217, 5, 3, 2, 1700000),
(941, 218, 5, 2, 2, 1400000),
(942, 218, 5, 3, 2, 1300000),
(943, 219, 5, 3, 2, 1700000),
(944, 220, 6, 1, 1, 4200000),
(945, 220, 6, 2, 1, 4000000),
(946, 220, 6, 3, 1, 3700000),
(947, 220, 7, 1, 1, 4600000),
(948, 220, 7, 2, 1, 4500000),
(949, 220, 7, 3, 1, 4300000),
(950, 186, 6, 1, 2, 3200000),
(951, 186, 6, 2, 2, 3000000),
(952, 186, 6, 3, 2, 2700000),
(953, 221, 6, 1, 2, 2600000),
(954, 221, 6, 2, 2, 2500000),
(955, 221, 6, 3, 2, 2400000),
(956, 222, 5, 2, 1, 1300000),
(957, 222, 5, 3, 1, 1150000),
(958, 222, 4, 2, 2, 1050000),
(959, 222, 4, 3, 2, 900000),
(960, 223, 6, 2, 2, 2000000),
(961, 223, 6, 3, 2, 1900000),
(962, 224, 5, 2, 2, 1850000),
(963, 224, 5, 3, 2, 1650000),
(964, 225, 5, 2, 3, 1500000),
(965, 225, 5, 3, 3, 1200000),
(966, 226, 5, 2, 1, 1500000),
(967, 226, 5, 3, 1, 1300000),
(968, 227, 4, 2, 2, 1000000),
(969, 227, 4, 3, 2, 800000),
(970, 228, 4, 2, 2, 1000000),
(971, 228, 4, 3, 2, 800000),
(972, 228, 5, 2, 1, 1200000),
(973, 228, 5, 3, 1, 1000000),
(974, 229, 6, 1, 2, 2200000),
(975, 229, 6, 2, 2, 2100000),
(976, 229, 6, 3, 2, 2000000),
(977, 229, 5, 1, 2, 1700000),
(978, 229, 5, 2, 2, 1600000),
(979, 229, 5, 3, 2, 1500000),
(980, 230, 5, 1, 2, 1300000),
(981, 230, 5, 2, 2, 1200000),
(982, 230, 5, 3, 2, 1100000),
(983, 231, 5, 1, 2, 1600000),
(984, 231, 5, 2, 2, 1500000),
(985, 231, 5, 3, 2, 1400000),
(987, 232, 5, 2, 3, 1350000),
(988, 232, 5, 3, 3, 1150000),
(990, 233, 4, 2, 3, 1000000),
(991, 233, 4, 3, 3, 800000),
(992, 233, 5, 2, 2, 1200000),
(993, 233, 5, 3, 2, 1000000),
(994, 234, 5, 2, 2, 1200000),
(995, 234, 5, 3, 2, 1000000),
(996, 235, 5, 2, 2, 1000000),
(997, 235, 5, 3, 2, 800000),
(998, 236, 4, 2, 2, 900000),
(999, 236, 4, 3, 2, 700000),
(1000, 237, 4, 2, 1, 800000),
(1001, 237, 4, 3, 1, 700000),
(1002, 238, 5, 2, 2, 1300000),
(1003, 238, 5, 3, 2, 1200000),
(1004, 239, 5, 2, 1, 900000),
(1005, 239, 5, 3, 1, 750000),
(1006, 240, 5, 1, 2, 1200000),
(1007, 240, 5, 2, 2, 1000000),
(1008, 240, 5, 3, 2, 800000),
(1010, 241, 4, 2, 2, 800000),
(1011, 241, 4, 3, 2, 700000),
(1012, 241, 5, 2, 2, 1000000),
(1013, 241, 5, 3, 2, 800000),
(1014, 242, 3, 2, 1, 800000),
(1015, 242, 3, 3, 1, 700000),
(1016, 243, 3, 2, 3, 700000),
(1017, 243, 3, 3, 3, 600000),
(1019, 243, 4, 2, 1, 800000),
(1020, 243, 4, 3, 1, 700000),
(1022, 243, 5, 2, 1, 1000000),
(1023, 243, 5, 3, 1, 800000),
(1024, 244, 3, 2, 3, 700000),
(1025, 244, 3, 3, 3, 600000),
(1026, 244, 4, 2, 3, 750000),
(1027, 244, 4, 3, 3, 650000),
(1028, 245, 4, 2, 3, 800000),
(1029, 245, 4, 3, 3, 650000),
(1030, 245, 3, 2, 3, 700000),
(1031, 245, 3, 3, 3, 500000),
(1032, 246, 4, 2, 3, 800000),
(1033, 246, 4, 3, 3, 600000),
(1034, 247, 3, 2, 3, 600000),
(1035, 247, 3, 3, 3, 550000),
(1036, 248, 4, 2, 3, 700000),
(1037, 248, 4, 3, 3, 600000),
(1038, 248, 3, 2, 3, 550000),
(1039, 248, 3, 3, 3, 450000),
(1040, 249, 6, 1, 1, 2800000),
(1041, 249, 6, 2, 1, 2600000),
(1042, 249, 6, 3, 1, 2400000),
(1043, 249, 5, 1, 1, 2600000),
(1044, 249, 5, 2, 1, 2400000),
(1045, 249, 5, 3, 1, 2200000),
(1046, 250, 3, 1, 3, 800000),
(1047, 250, 3, 2, 3, 700000),
(1048, 250, 3, 3, 3, 600000),
(1049, 251, 3, 2, 3, 600000),
(1050, 251, 3, 3, 3, 500000),
(1051, 252, 6, 1, 1, 5300000),
(1052, 252, 6, 2, 1, 5000000),
(1053, 252, 6, 3, 1, 4800000),
(1054, 253, 5, 1, 1, 2250000),
(1055, 253, 5, 2, 1, 2050000),
(1056, 253, 5, 3, 1, 1800000),
(1058, 254, 6, 2, 2, 1600000),
(1059, 254, 6, 3, 2, 1400000),
(1060, 255, 3, 3, 3, 800000),
(1061, 256, 4, 1, 2, 900000),
(1062, 256, 4, 2, 2, 800000),
(1063, 256, 4, 3, 2, 700000),
(1064, 257, 7, 1, 1, 5000000),
(1065, 257, 7, 2, 1, 4800000),
(1066, 257, 7, 3, 1, 4600000),
(1067, 258, 6, 1, 2, 4000000),
(1068, 258, 6, 2, 2, 3800000),
(1069, 258, 6, 3, 2, 3600000),
(1070, 258, 7, 1, 2, 4500000),
(1071, 258, 7, 2, 2, 4300000),
(1072, 258, 7, 3, 2, 4100000),
(1073, 259, 6, 1, 2, 2700000),
(1074, 259, 6, 2, 2, 2600000),
(1075, 259, 6, 3, 2, 2400000),
(1077, 260, 6, 2, 2, 3200000),
(1078, 260, 6, 3, 2, 3000000),
(1080, 260, 7, 2, 2, 3700000),
(1081, 260, 7, 3, 2, 3500000),
(1083, 261, 6, 2, 1, 2450000),
(1084, 261, 6, 3, 2, 2300000),
(1086, 262, 6, 2, 2, 3000000),
(1087, 262, 6, 3, 2, 2700000),
(1089, 263, 6, 2, 2, 2800000),
(1090, 263, 6, 3, 2, 2500000),
(1091, 264, 6, 2, 1, 2250000),
(1092, 264, 6, 3, 1, 2000000),
(1093, 264, 5, 2, 1, 2000000),
(1094, 264, 5, 3, 1, 1750000),
(1095, 265, 5, 2, 1, 2200000),
(1096, 265, 5, 3, 1, 2000000),
(1098, 266, 6, 2, 1, 2800000),
(1099, 266, 6, 3, 1, 2600000),
(1100, 267, 6, 2, 1, 2300000),
(1102, 267, 6, 3, 1, 2200000),
(1103, 268, 5, 2, 2, 1600000),
(1104, 268, 5, 3, 2, 1500000),
(1105, 269, 5, 2, 1, 2000000),
(1106, 269, 5, 3, 1, 1800000),
(1107, 270, 5, 2, 1, 1800000),
(1108, 270, 5, 3, 1, 1500000),
(1109, 271, 5, 2, 2, 1500000),
(1110, 271, 5, 3, 2, 1200000),
(1111, 272, 5, 2, 1, 1650000),
(1112, 272, 5, 3, 1, 1400000),
(1113, 273, 5, 2, 1, 1500000),
(1114, 273, 5, 3, 1, 1200000),
(1115, 274, 6, 1, 2, 2650000),
(1116, 274, 6, 2, 2, 2500000),
(1117, 274, 6, 3, 2, 2300000),
(1118, 274, 5, 1, 1, 2450000),
(1119, 274, 5, 2, 1, 2300000),
(1120, 274, 5, 3, 1, 2000000),
(1121, 275, 5, 1, 1, 2100000),
(1122, 275, 5, 2, 1, 1950000),
(1123, 275, 5, 3, 1, 1700000),
(1125, 276, 6, 2, 2, 3000000),
(1126, 276, 6, 3, 2, 2700000),
(1127, 277, 6, 1, 2, 4700000),
(1128, 277, 6, 2, 2, 4550000),
(1129, 277, 6, 3, 2, 4300000),
(1130, 278, 4, 1, 2, 2150000),
(1131, 278, 4, 2, 2, 2000000),
(1132, 278, 4, 3, 2, 1750000),
(1133, 279, 5, 1, 3, 2350000),
(1134, 279, 5, 2, 3, 2150000),
(1135, 279, 5, 3, 3, 1900000),
(1137, 280, 5, 2, 2, 1000000),
(1138, 280, 5, 3, 2, 800000),
(1140, 281, 4, 2, 2, 1300000),
(1141, 281, 4, 3, 2, 1250000),
(1142, 282, 3, 2, 3, 700000),
(1143, 282, 3, 3, 3, 500000),
(1144, 282, 4, 2, 3, 900000),
(1145, 282, 4, 3, 3, 700000),
(1146, 283, 5, 2, 1, 2250000),
(1147, 283, 5, 3, 1, 1900000),
(1148, 283, 6, 2, 2, 2500000),
(1149, 283, 6, 3, 2, 2300000),
(1150, 284, 5, 2, 2, 2700000),
(1151, 284, 5, 3, 2, 2500000),
(1152, 284, 6, 2, 2, 3000000),
(1153, 284, 6, 3, 2, 2700000),
(1154, 285, 6, 1, 1, 4500000),
(1155, 285, 6, 2, 1, 4200000),
(1156, 285, 6, 3, 1, 4000000),
(1157, 286, 4, 2, 2, 900000),
(1158, 286, 4, 3, 2, 650000),
(1159, 287, 4, 2, 3, 1000000),
(1160, 287, 4, 3, 3, 800000),
(1161, 287, 5, 2, 2, 1400000),
(1162, 287, 5, 3, 2, 1250000),
(1163, 288, 5, 2, 3, 1300000),
(1164, 288, 5, 3, 3, 1100000),
(1165, 288, 6, 2, 3, 1500000),
(1166, 288, 6, 3, 3, 1300000),
(1168, 289, 5, 2, 3, 1200000),
(1169, 289, 5, 3, 3, 1000000),
(1171, 289, 4, 2, 3, 900000),
(1172, 289, 4, 3, 3, 900000),
(1173, 290, 4, 2, 3, 1000000),
(1174, 290, 4, 3, 3, 700000),
(1175, 290, 5, 2, 3, 1300000),
(1176, 290, 5, 3, 3, 1000000),
(1177, 291, 6, 2, 2, 2200000),
(1178, 291, 6, 3, 2, 2000000),
(1179, 292, 5, 2, 2, 1300000),
(1180, 292, 5, 3, 2, 1100000),
(1181, 292, 6, 2, 1, 1500000),
(1182, 292, 6, 3, 1, 1300000),
(1184, 293, 5, 2, 1, 1700000),
(1185, 293, 5, 3, 1, 1500000),
(1187, 293, 6, 2, 1, 2000000),
(1188, 293, 6, 3, 1, 1700000),
(1189, 294, 4, 2, 3, 800000),
(1190, 294, 4, 3, 3, 700000),
(1191, 294, 5, 2, 3, 1000000),
(1192, 294, 5, 3, 3, 800000),
(1193, 295, 5, 2, 3, 1000000),
(1194, 295, 5, 3, 3, 900000),
(1195, 296, 5, 2, 3, 1100000),
(1196, 296, 5, 3, 3, 1000000),
(1197, 297, 3, 2, 3, 500000),
(1198, 297, 3, 3, 3, 400000),
(1199, 297, 4, 2, 3, 800000),
(1200, 297, 4, 3, 3, 700000),
(1201, 298, 4, 2, 3, 600000),
(1202, 298, 4, 3, 3, 500000),
(1203, 299, 5, 2, 3, 700000),
(1204, 299, 5, 3, 3, 600000),
(1205, 299, 4, 2, 3, 700000),
(1206, 299, 4, 3, 3, 600000),
(1208, 300, 5, 2, 2, 1300000),
(1209, 300, 5, 3, 2, 1200000),
(1211, 300, 6, 2, 2, 1500000),
(1212, 300, 6, 3, 2, 1350000),
(1214, 301, 3, 2, 2, 800000),
(1215, 301, 3, 3, 2, 600000),
(1217, 302, 5, 2, 2, 900000),
(1218, 302, 5, 3, 2, 750000),
(1220, 302, 4, 2, 2, 750000),
(1221, 302, 4, 3, 2, 650000),
(1223, 303, 3, 2, 2, 800000),
(1224, 303, 3, 3, 2, 600000),
(1225, 303, 4, 2, 1, 900000),
(1226, 303, 4, 3, 1, 700000),
(1227, 304, 3, 2, 3, 600000),
(1228, 304, 3, 3, 3, 400000),
(1229, 305, 3, 1, 3, 800000),
(1230, 305, 3, 2, 3, 700000),
(1231, 305, 3, 3, 3, 500000),
(1232, 306, 3, 1, 3, 900000),
(1233, 306, 3, 2, 3, 800000),
(1234, 306, 3, 3, 3, 600000),
(1235, 306, 4, 2, 3, 1000000),
(1236, 306, 4, 3, 3, 850000),
(1237, 307, 3, 2, 3, 450000),
(1238, 307, 3, 3, 3, 350000),
(1240, 308, 3, 2, 3, 600000),
(1241, 308, 3, 3, 3, 500000),
(1242, 309, 3, 1, 2, 700000),
(1243, 309, 3, 2, 2, 600000),
(1244, 309, 3, 3, 2, 550000),
(1245, 309, 4, 1, 1, 700000),
(1246, 309, 4, 2, 1, 650000),
(1247, 309, 4, 3, 1, 500000),
(1248, 310, 5, 2, 3, 1200000),
(1249, 310, 5, 3, 3, 1000000),
(1250, 311, 5, 2, 3, 1300000),
(1251, 311, 5, 3, 3, 1100000),
(1252, 312, 4, 2, 2, 1000000),
(1253, 312, 4, 3, 2, 900000),
(1254, 312, 5, 2, 3, 1100000),
(1255, 312, 5, 3, 3, 1000000),
(1256, 314, 5, 2, 3, 800000),
(1257, 314, 5, 3, 3, 700000),
(1258, 314, 4, 2, 2, 900000),
(1259, 314, 4, 3, 2, 800000),
(1260, 315, 5, 2, 3, 1200000),
(1261, 315, 5, 3, 3, 1100000),
(1262, 316, 5, 2, 3, 1200000),
(1263, 316, 5, 3, 3, 1100000),
(1264, 317, 5, 2, 3, 1350000),
(1265, 317, 5, 3, 3, 1100000),
(1266, 318, 5, 2, 3, 1800000),
(1267, 318, 5, 3, 3, 1600000),
(1268, 319, 5, 2, 2, 1500000),
(1269, 319, 5, 3, 2, 1200000),
(1270, 320, 5, 2, 2, 1700000),
(1271, 320, 5, 3, 2, 1600000),
(1273, 321, 5, 2, 1, 1200000),
(1274, 321, 5, 3, 1, 1000000),
(1276, 322, 5, 2, 2, 1400000),
(1277, 322, 5, 3, 2, 1200000),
(1280, 323, 5, 2, 2, 1500000),
(1282, 323, 6, 2, 2, 1800000),
(1283, 323, 6, 3, 2, 1600000),
(1285, 324, 6, 2, 1, 2700000),
(1286, 324, 6, 3, 1, 2500000),
(1288, 325, 5, 2, 2, 1700000),
(1289, 325, 5, 3, 2, 1500000),
(1291, 325, 6, 2, 2, 2200000),
(1292, 325, 6, 3, 2, 2000000),
(1293, 326, 6, 1, 2, 2300000),
(1294, 326, 6, 2, 2, 2200000),
(1295, 326, 6, 3, 2, 2000000),
(1296, 327, 6, 1, 2, 2100000),
(1297, 327, 6, 2, 2, 2000000),
(1298, 327, 6, 3, 2, 1800000),
(1299, 328, 6, 1, 2, 3300000),
(1300, 328, 6, 2, 2, 3200000),
(1301, 328, 6, 3, 2, 3000000),
(1302, 329, 6, 1, 2, 3000000),
(1303, 329, 6, 2, 2, 2800000),
(1304, 329, 6, 3, 2, 2600000),
(1305, 330, 7, 1, 1, 4500000),
(1306, 330, 7, 2, 1, 4200000),
(1307, 330, 7, 3, 1, 4000000),
(1308, 331, 4, 2, 1, 1000000),
(1309, 331, 4, 3, 1, 800000),
(1310, 332, 5, 1, 2, 2400000),
(1311, 332, 5, 2, 2, 2200000),
(1312, 332, 5, 3, 2, 1750000),
(1313, 333, 6, 1, 1, 3500000),
(1314, 333, 6, 2, 1, 3200000),
(1315, 333, 6, 3, 1, 3000000),
(1316, 334, 6, 1, 1, 4000000),
(1317, 334, 6, 2, 1, 3700000),
(1318, 334, 6, 3, 1, 3500000),
(1319, 335, 6, 1, 1, 3700000),
(1320, 335, 6, 2, 1, 3600000),
(1321, 335, 6, 3, 1, 3400000),
(1322, 336, 6, 1, 1, 4500000),
(1323, 336, 6, 2, 1, 4300000),
(1324, 336, 6, 3, 1, 4000000),
(1325, 337, 6, 1, 1, 3300000),
(1326, 337, 6, 2, 1, 3100000),
(1327, 337, 6, 3, 1, 3000000),
(1328, 338, 6, 1, 2, 4500000),
(1329, 338, 6, 2, 2, 4200000),
(1330, 338, 6, 3, 2, 4000000),
(1331, 339, 3, 2, 2, 800000),
(1332, 339, 3, 3, 2, 700000),
(1334, 340, 3, 2, 3, 700000),
(1335, 340, 3, 3, 3, 500000),
(1337, 341, 5, 2, 2, 800000),
(1338, 341, 5, 3, 2, 700000),
(1340, 341, 4, 2, 3, 750000),
(1341, 341, 4, 3, 3, 700000),
(1342, 342, 3, 2, 3, 550000),
(1343, 342, 3, 3, 3, 400000),
(1345, 343, 3, 2, 3, 650000),
(1346, 343, 3, 3, 3, 500000),
(1348, 343, 4, 2, 2, 700000),
(1349, 343, 4, 3, 2, 650000),
(1351, 344, 4, 2, 3, 850000),
(1352, 344, 4, 3, 3, 650000),
(1354, 345, 5, 2, 1, 1000000),
(1355, 345, 5, 3, 1, 850000),
(1357, 345, 4, 2, 3, 850000),
(1358, 345, 4, 3, 3, 750000),
(1360, 346, 3, 2, 3, 650000),
(1361, 346, 3, 3, 3, 550000),
(1363, 346, 4, 2, 1, 750000),
(1364, 346, 4, 3, 1, 600000),
(1365, 347, 5, 1, 2, 1000000),
(1366, 347, 5, 2, 2, 900000),
(1367, 347, 5, 3, 2, 800000),
(1368, 347, 4, 1, 2, 850000),
(1369, 347, 4, 2, 2, 800000),
(1370, 347, 4, 3, 2, 750000),
(1371, 348, 5, 1, 2, 1200000),
(1372, 348, 5, 2, 2, 1100000),
(1373, 348, 5, 3, 2, 1000000),
(1374, 349, 5, 1, 2, 1600000),
(1375, 349, 5, 2, 2, 1500000),
(1376, 349, 5, 3, 2, 1300000),
(1377, 350, 5, 1, 2, 1000000),
(1378, 350, 5, 2, 2, 900000),
(1379, 350, 5, 3, 2, 700000),
(1380, 351, 5, 1, 2, 1200000),
(1381, 351, 5, 2, 2, 1000000),
(1382, 351, 5, 3, 2, 800000),
(1384, 352, 5, 2, 3, 750000),
(1385, 352, 5, 3, 3, 650000),
(1387, 353, 5, 2, 3, 850000),
(1388, 353, 5, 3, 3, 750000),
(1390, 354, 5, 2, 3, 1500000),
(1391, 354, 5, 3, 3, 1400000),
(1393, 355, 5, 2, 2, 1100000),
(1394, 355, 5, 3, 2, 1000000),
(1396, 356, 5, 2, 2, 1300000),
(1397, 356, 5, 3, 2, 1200000),
(1398, 357, 6, 1, 2, 2700000),
(1399, 357, 6, 2, 2, 2600000),
(1400, 357, 6, 3, 2, 2400000),
(1401, 358, 5, 1, 2, 2000000),
(1402, 358, 5, 2, 2, 1800000),
(1403, 358, 5, 3, 2, 1500000),
(1404, 358, 6, 1, 2, 2300000),
(1405, 358, 6, 2, 2, 2200000),
(1406, 358, 6, 3, 2, 2000000),
(1407, 359, 5, 1, 1, 1600000),
(1408, 359, 5, 2, 1, 1500000),
(1409, 359, 5, 3, 1, 1300000),
(1410, 360, 5, 1, 2, 1800000),
(1411, 360, 5, 2, 2, 1600000),
(1412, 360, 5, 3, 2, 1400000),
(1414, 361, 5, 2, 2, 1400000),
(1415, 361, 5, 3, 2, 1200000),
(1417, 362, 5, 2, 2, 1600000),
(1418, 362, 5, 3, 2, 1400000),
(1420, 363, 5, 2, 3, 1200000),
(1421, 363, 5, 3, 3, 1000000),
(1423, 364, 5, 2, 2, 1800000),
(1424, 364, 5, 3, 2, 1600000),
(1425, 365, 5, 1, 2, 3000000),
(1426, 365, 5, 2, 2, 2800000),
(1427, 365, 5, 3, 2, 2600000),
(1428, 365, 6, 1, 2, 3300000),
(1429, 365, 6, 2, 2, 3200000),
(1430, 365, 6, 3, 2, 3000000),
(1431, 366, 5, 2, 2, 1600000),
(1432, 366, 5, 3, 2, 1300000),
(1433, 367, 5, 2, 2, 1800000),
(1434, 367, 5, 3, 2, 1600000),
(1436, 368, 5, 2, 2, 2000000),
(1437, 368, 5, 3, 2, 1700000),
(1439, 369, 5, 2, 2, 2400000),
(1440, 369, 5, 3, 2, 1900000),
(1442, 369, 6, 2, 2, 2600000),
(1443, 369, 6, 3, 2, 2000000),
(1444, 370, 5, 1, 2, 3000000),
(1445, 370, 5, 2, 2, 2850000),
(1446, 370, 5, 3, 2, 2650000),
(1447, 370, 6, 1, 2, 3300000),
(1448, 370, 6, 2, 2, 3200000),
(1449, 370, 6, 3, 2, 3000000),
(1450, 371, 6, 1, 2, 3800000),
(1451, 371, 6, 2, 2, 3700000),
(1452, 371, 6, 3, 2, 3500000),
(1453, 372, 5, 1, 1, 2700000),
(1454, 372, 5, 2, 1, 2500000),
(1455, 372, 5, 3, 1, 2000000),
(1456, 373, 6, 1, 2, 3250000),
(1457, 373, 6, 2, 2, 3000000),
(1458, 373, 6, 3, 2, 2600000),
(1460, 374, 5, 2, 2, 2700000),
(1461, 374, 5, 3, 2, 2500000),
(1463, 374, 6, 2, 2, 3000000),
(1464, 374, 6, 3, 2, 2800000),
(1465, 375, 5, 1, 2, 3500000),
(1466, 375, 5, 2, 2, 3400000),
(1467, 375, 5, 3, 2, 3200000),
(1468, 375, 6, 1, 2, 3800000),
(1469, 375, 6, 2, 2, 3700000),
(1470, 375, 6, 3, 2, 3500000),
(1471, 376, 5, 1, 2, 4400000),
(1472, 376, 5, 2, 2, 4200000),
(1473, 376, 5, 3, 2, 4000000),
(1474, 376, 6, 1, 2, 4800000),
(1475, 376, 6, 2, 2, 4600000),
(1476, 376, 6, 3, 2, 4400000),
(1477, 377, 6, 1, 2, 4000000),
(1478, 377, 6, 2, 2, 3700000),
(1479, 377, 6, 3, 2, 3400000),
(1481, 378, 5, 2, 1, 4000000),
(1482, 378, 5, 3, 1, 3500000),
(1484, 378, 6, 2, 1, 4500000),
(1485, 378, 6, 3, 1, 4000000),
(1486, 379, 6, 2, 1, 4500000),
(1487, 379, 6, 3, 1, 4000000),
(1488, 380, 6, 2, 1, 5000000),
(1489, 380, 6, 3, 1, 4500000),
(1490, 381, 6, 2, 1, 8000000),
(1491, 381, 6, 3, 1, 7500000),
(1492, 381, 7, 2, 1, 9000000),
(1493, 381, 7, 3, 1, 8500000),
(1494, 382, 5, 2, 1, 7000000),
(1495, 382, 5, 3, 1, 6700000),
(1497, 383, 5, 2, 2, 6000000),
(1498, 383, 5, 3, 2, 5500000),
(1500, 383, 6, 2, 2, 7000000),
(1501, 383, 6, 3, 2, 6500000),
(1503, 384, 6, 2, 2, 8000000),
(1504, 384, 6, 3, 2, 7500000),
(1506, 384, 7, 2, 1, 9000000),
(1507, 384, 7, 3, 1, 8500000),
(1509, 385, 6, 2, 1, 11000000),
(1510, 385, 6, 3, 1, 10500000),
(1512, 385, 7, 2, 2, 12000000),
(1513, 385, 7, 3, 2, 11500000),
(1514, 386, 5, 2, 2, 5600000),
(1515, 386, 5, 3, 2, 5200000),
(1516, 386, 6, 2, 2, 6000000),
(1517, 386, 6, 3, 2, 5600000),
(1519, 387, 6, 2, 1, 6500000),
(1520, 387, 6, 3, 1, 6000000),
(1522, 387, 7, 2, 1, 7500000),
(1523, 387, 7, 3, 1, 7000000),
(1524, 388, 6, 2, 1, 11000000),
(1525, 388, 6, 3, 1, 10500000),
(1526, 388, 7, 2, 1, 12000000),
(1527, 388, 7, 3, 1, 11500000),
(1528, 389, 4, 1, 1, 1250000),
(1529, 389, 4, 2, 1, 1150000),
(1530, 389, 4, 3, 1, 1000000),
(1531, 390, 5, 1, 1, 2150000),
(1532, 390, 5, 2, 1, 2000000),
(1533, 390, 5, 3, 1, 1750000),
(1534, 391, 5, 1, 2, 2050000),
(1535, 391, 5, 2, 2, 1950000),
(1536, 391, 5, 3, 2, 1850000),
(1537, 392, 5, 1, 2, 2200000),
(1538, 392, 5, 2, 2, 2000000),
(1539, 392, 5, 3, 2, 1850000),
(1540, 393, 6, 1, 2, 4000000),
(1541, 393, 6, 2, 2, 3800000),
(1542, 393, 6, 3, 2, 3500000),
(1543, 394, 5, 1, 1, 3250000),
(1544, 394, 5, 2, 1, 3000000),
(1545, 394, 5, 3, 1, 2750000),
(1546, 395, 6, 2, 1, 4000000),
(1547, 395, 6, 3, 1, 3500000),
(1548, 396, 5, 2, 2, 4500000),
(1549, 396, 5, 3, 2, 4000000),
(1550, 396, 6, 2, 1, 5000000),
(1551, 396, 6, 3, 1, 4500000),
(1552, 397, 6, 2, 1, 6500000),
(1553, 397, 6, 3, 1, 6000000),
(1554, 398, 5, 1, 2, 5000000),
(1555, 398, 5, 2, 2, 4700000),
(1556, 398, 5, 3, 2, 4500000),
(1557, 398, 6, 1, 2, 6300000),
(1558, 398, 6, 2, 2, 6000000),
(1559, 398, 6, 3, 2, 5700000),
(1560, 399, 6, 1, 1, 9500000),
(1561, 399, 6, 2, 1, 9000000),
(1562, 399, 6, 3, 1, 8500000),
(1563, 399, 7, 1, 1, 11000000),
(1564, 399, 7, 2, 1, 10500000),
(1565, 399, 7, 3, 1, 10000000),
(1566, 400, 6, 1, 1, 12500000),
(1567, 400, 6, 2, 1, 12000000),
(1568, 400, 6, 3, 1, 11500000),
(1569, 400, 7, 1, 1, 13000000),
(1570, 400, 7, 2, 1, 12500000),
(1571, 400, 7, 3, 1, 12000000),
(1572, 401, 8, 1, 1, 18000000),
(1573, 401, 8, 2, 1, 17500000),
(1574, 401, 8, 3, 1, 17000000),
(1575, 401, 6, 1, 2, 16000000),
(1576, 401, 6, 2, 2, 15500000),
(1577, 401, 6, 3, 2, 15000000),
(1578, 401, 7, 1, 2, 17000000),
(1579, 401, 7, 2, 2, 16500000),
(1580, 401, 7, 3, 2, 16000000),
(1581, 402, 3, 1, 1, 1400000),
(1582, 402, 3, 2, 1, 1200000),
(1583, 402, 3, 3, 1, 1000000),
(1584, 403, 5, 2, 1, 1200000),
(1585, 403, 5, 3, 1, 1100000),
(1586, 404, 5, 1, 1, 3300000),
(1587, 404, 5, 2, 1, 3000000),
(1588, 404, 5, 3, 1, 2700000),
(1589, 405, 5, 1, 1, 7500000),
(1590, 405, 5, 2, 1, 7000000),
(1591, 405, 5, 3, 1, 6000000),
(1592, 406, 6, 1, 1, 7500000),
(1593, 406, 6, 2, 1, 7000000),
(1594, 406, 6, 3, 1, 6500000),
(1595, 406, 5, 1, 1, 5300000),
(1596, 406, 5, 2, 1, 5000000),
(1597, 406, 5, 3, 1, 4500000),
(1598, 407, 5, 1, 1, 5700000),
(1599, 407, 5, 2, 1, 5400000),
(1600, 407, 5, 3, 1, 5000000),
(1601, 408, 5, 1, 1, 4800000),
(1602, 408, 5, 2, 1, 4500000),
(1603, 408, 5, 3, 1, 4300000),
(1604, 387, 5, 2, 1, 5500000),
(1605, 387, 5, 3, 1, 5000000),
(1606, 409, 6, 1, 2, 8500000),
(1607, 409, 6, 2, 2, 8000000),
(1608, 409, 6, 3, 2, 7500000),
(1609, 409, 7, 1, 2, 9500000),
(1610, 409, 7, 2, 2, 9000000),
(1611, 409, 7, 3, 2, 8500000),
(1612, 410, 6, 2, 1, 8500000),
(1613, 410, 6, 3, 1, 8000000),
(1614, 410, 7, 2, 2, 9500000),
(1615, 410, 7, 3, 2, 9000000),
(1616, 411, 8, 1, 1, 18000000),
(1617, 411, 8, 2, 1, 17500000),
(1618, 411, 8, 3, 1, 17000000),
(1619, 411, 6, 1, 2, 16000000),
(1620, 411, 6, 2, 2, 15500000),
(1621, 411, 6, 3, 2, 15000000),
(1622, 411, 7, 1, 1, 17000000),
(1623, 411, 7, 2, 1, 16500000),
(1624, 411, 7, 3, 1, 16000000),
(1625, 24, 6, 2, 2, 9000000),
(1626, 24, 4, 2, 1, 8500000),
(1627, 45, 3, 2, 1, 1000000),
(1628, 45, 3, 3, 1, 800000),
(1629, 413, 4, 1, 1, 850000),
(1630, 413, 4, 2, 1, 800000),
(1631, 413, 4, 3, 1, 700000),
(1632, 413, 5, 1, 1, 1000000),
(1633, 413, 5, 2, 1, 900000),
(1634, 413, 5, 3, 1, 800000),
(1635, 241, 5, 1, 1, 1100000),
(1636, 414, 4, 1, 2, 1100000),
(1637, 414, 4, 2, 2, 1000000),
(1638, 414, 5, 3, 2, 800000),
(1639, 415, 5, 1, 2, 1700000),
(1640, 415, 5, 2, 2, 1600000),
(1641, 415, 5, 3, 2, 1500000),
(1642, 416, 5, 1, 2, 1900000),
(1643, 416, 5, 2, 2, 1800000),
(1644, 416, 5, 3, 1, 1700000),
(1645, 416, 6, 1, 2, 2200000),
(1646, 416, 6, 2, 2, 2100000),
(1647, 416, 6, 3, 2, 2000000),
(1648, 417, 5, 1, 2, 2200000),
(1649, 417, 5, 2, 2, 2100000),
(1650, 417, 5, 3, 2, 2000000),
(1651, 417, 6, 1, 2, 2200000),
(1652, 417, 6, 1, 1, 2300000),
(1653, 417, 6, 3, 2, 2100000),
(1654, 418, 5, 1, 2, 1400000),
(1655, 418, 5, 2, 2, 1300000),
(1656, 418, 5, 3, 2, 1200000),
(1657, 420, 5, 1, 2, 1300000),
(1658, 420, 5, 2, 2, 1200000),
(1659, 420, 5, 3, 2, 1000000),
(1660, 421, 5, 1, 2, 1500000),
(1661, 421, 5, 2, 2, 1400000),
(1662, 421, 5, 3, 2, 1200000),
(1663, 422, 5, 1, 2, 1600000),
(1664, 422, 5, 2, 2, 1500000),
(1665, 422, 5, 3, 2, 1300000),
(1666, 323, 5, 3, 2, 1300000),
(1667, 327, 5, 1, 2, 1800000),
(1668, 327, 5, 2, 2, 1700000),
(1669, 327, 5, 3, 2, 1500000),
(1670, 424, 7, 1, 2, 4000000),
(1671, 424, 7, 2, 2, 3800000),
(1672, 424, 7, 3, 2, 3500000),
(1673, 425, 5, 1, 2, 3300000),
(1674, 425, 5, 2, 2, 3200000),
(1675, 425, 5, 3, 2, 3000000),
(1676, 425, 6, 1, 2, 3600000),
(1677, 425, 6, 2, 2, 3500000),
(1678, 425, 6, 3, 2, 3300000),
(1679, 426, 6, 1, 2, 2800000),
(1680, 426, 6, 2, 2, 2700000),
(1681, 426, 6, 3, 2, 2500000),
(1682, 427, 5, 1, 2, 1700000),
(1683, 427, 5, 2, 2, 1600000),
(1684, 427, 5, 3, 2, 1500000),
(1685, 427, 6, 1, 2, 2100000),
(1686, 427, 6, 2, 2, 2000000),
(1687, 427, 6, 3, 2, 1900000),
(1688, 428, 5, 2, 1, 4300000),
(1689, 428, 5, 3, 1, 4000000),
(1690, 428, 4, 2, 3, 4000000),
(1691, 428, 4, 3, 3, 3700000),
(1692, 429, 4, 2, 2, 4000000),
(1693, 429, 4, 3, 3, 3700000),
(1694, 429, 6, 2, 3, 4500000),
(1695, 429, 6, 3, 1, 4200000),
(1696, 430, 6, 1, 3, 2200000),
(1697, 430, 6, 2, 3, 2100000),
(1698, 430, 6, 3, 3, 2000000),
(1699, 431, 6, 1, 2, 4000000),
(1700, 431, 6, 2, 2, 3800000),
(1701, 431, 6, 3, 2, 3500000),
(1702, 432, 6, 1, 3, 3300000),
(1703, 432, 6, 2, 3, 3200000),
(1704, 432, 6, 3, 2, 3000000),
(1705, 433, 6, 1, 3, 1400000),
(1706, 433, 6, 2, 3, 1300000),
(1707, 433, 6, 3, 3, 1100000),
(1708, 434, 5, 1, 3, 1100000),
(1709, 434, 5, 2, 3, 1000000),
(1710, 434, 5, 3, 3, 800000),
(1711, 437, 6, 1, 3, 1300000),
(1712, 437, 6, 2, 3, 1200000),
(1713, 437, 6, 3, 3, 1100000),
(1714, 435, 6, 1, 3, 4300000),
(1715, 435, 6, 2, 3, 4200000),
(1716, 435, 6, 3, 3, 4000000),
(1717, 436, 7, 1, 3, 4800000),
(1718, 436, 7, 2, 3, 4700000),
(1719, 436, 6, 3, 3, 4500000),
(1720, 438, 6, 1, 3, 4200000),
(1721, 438, 6, 2, 3, 4000000),
(1722, 438, 6, 3, 3, 3800000),
(1723, 439, 6, 1, 3, 3800000),
(1724, 439, 6, 2, 3, 3600000),
(1725, 439, 6, 3, 3, 3400000),
(1726, 440, 6, 1, 1, 12500000),
(1727, 440, 6, 2, 1, 12200000),
(1728, 440, 6, 3, 1, 11500000),
(1729, 440, 7, 1, 1, 14000000),
(1730, 440, 7, 2, 1, 13700000),
(1731, 440, 7, 3, 3, 13000000),
(1732, 441, 6, 1, 2, 21500000),
(1733, 441, 6, 2, 2, 21000000),
(1734, 441, 6, 3, 2, 21000000),
(1735, 441, 7, 1, 1, 23000000),
(1736, 441, 7, 2, 1, 22500000),
(1737, 441, 7, 3, 1, 22000000),
(1738, 441, 8, 1, 1, 25000000),
(1739, 441, 8, 2, 1, 24500000),
(1740, 441, 8, 3, 1, 24000000),
(1741, 442, 4, 1, 2, 1400000),
(1742, 442, 4, 2, 2, 1300000),
(1743, 442, 4, 3, 2, 1100000),
(1744, 443, 4, 1, 2, 1800000),
(1745, 443, 4, 2, 2, 1700000),
(1746, 443, 4, 3, 2, 1500000),
(1747, 444, 5, 1, 2, 3300000),
(1748, 444, 5, 2, 2, 3200000),
(1749, 444, 5, 3, 2, 3000000),
(1750, 445, 4, 2, 2, 6500000),
(1751, 445, 4, 3, 2, 6000000),
(1752, 445, 6, 2, 2, 7500000),
(1753, 445, 6, 3, 2, 7000000),
(1754, 446, 6, 1, 2, 3400000),
(1755, 446, 6, 2, 2, 3300000),
(1756, 446, 6, 3, 2, 3100000),
(1757, 447, 6, 1, 2, 3400000),
(1758, 447, 6, 2, 2, 3300000),
(1759, 447, 6, 3, 2, 3100000),
(1760, 448, 6, 1, 2, 4300000),
(1761, 448, 6, 2, 2, 4200000),
(1762, 448, 6, 3, 2, 4000000),
(1763, 448, 7, 1, 2, 4700000),
(1764, 447, 7, 2, 2, 4600000),
(1765, 448, 7, 3, 2, 4400000),
(1766, 448, 7, 2, 2, 4600000),
(1767, 449, 6, 1, 2, 5300000),
(1768, 449, 6, 2, 2, 5200000),
(1769, 449, 6, 3, 2, 5000000),
(1770, 449, 7, 1, 1, 5800000),
(1771, 449, 7, 2, 1, 5700000),
(1772, 449, 7, 3, 1, 5500000),
(1773, 450, 7, 1, 1, 6300000),
(1774, 450, 7, 2, 1, 6200000),
(1775, 450, 7, 3, 1, 6000000),
(1776, 452, 10, 1, 2, 4800000),
(1777, 452, 10, 2, 2, 4500000),
(1778, 452, 10, 3, 2, 4200000),
(1779, 451, 10, 1, 2, 4500000),
(1780, 451, 10, 2, 2, 4200000),
(1781, 451, 10, 3, 2, 4000000),
(1782, 385, 8, 2, 1, 13000000),
(1783, 385, 8, 3, 2, 12500000),
(1784, 388, 8, 2, 2, 13000000),
(1785, 388, 8, 3, 2, 12500000),
(1786, 453, 6, 1, 2, 5100000),
(1787, 453, 6, 2, 2, 5000000),
(1788, 453, 6, 3, 2, 4700000);

-- --------------------------------------------------------

--
-- Struktur dari tabel `tbl_kondisi`
--

CREATE TABLE `tbl_kondisi` (
  `id_kondisi` int(11) NOT NULL,
  `nama_kondisi` varchar(10) NOT NULL
) ENGINE=InnoDB DEFAULT CHARSET=utf8mb4 COLLATE=utf8mb4_general_ci;

--
-- Dumping data untuk tabel `tbl_kondisi`
--

INSERT INTO `tbl_kondisi` (`id_kondisi`, `nama_kondisi`) VALUES
(1, '95%'),
(2, '90%'),
(3, '85%'),
(4, '75%');

-- --------------------------------------------------------

--
-- Struktur dari tabel `tbl_kualifikasi`
--

CREATE TABLE `tbl_kualifikasi` (
  `id_kualifikasi` int(11) NOT NULL,
  `nama_kualifikasi` varchar(30) NOT NULL
) ENGINE=InnoDB DEFAULT CHARSET=utf8mb4 COLLATE=utf8mb4_general_ci;

--
-- Dumping data untuk tabel `tbl_kualifikasi`
--

INSERT INTO `tbl_kualifikasi` (`id_kualifikasi`, `nama_kualifikasi`) VALUES
(1, 'Slow Moving'),
(2, 'Medium Moving'),
(3, 'Fast Moving');

-- --------------------------------------------------------

--
-- Struktur dari tabel `tbl_memori`
--

CREATE TABLE `tbl_memori` (
  `id_memori` int(11) NOT NULL,
  `nama_memori` varchar(10) NOT NULL
) ENGINE=InnoDB DEFAULT CHARSET=utf8mb4 COLLATE=utf8mb4_general_ci;

--
-- Dumping data untuk tabel `tbl_memori`
--

INSERT INTO `tbl_memori` (`id_memori`, `nama_memori`) VALUES
(3, '32GB'),
(4, '64GB'),
(5, '128GB'),
(6, '256GB'),
(7, '512GB'),
(8, '1TB'),
(10, 'Lainnya');

-- --------------------------------------------------------

--
-- Struktur dari tabel `tbl_menu`
--

CREATE TABLE `tbl_menu` (
  `id_menu` int(11) NOT NULL,
  `title` varchar(50) NOT NULL,
  `url` varchar(30) NOT NULL,
  `icon` varchar(30) NOT NULL,
  `is_main_menu` int(11) NOT NULL,
  `is_aktif` enum('y','n') NOT NULL COMMENT 'y=yes,n=no'
) ENGINE=InnoDB DEFAULT CHARSET=latin1 COLLATE=latin1_swedish_ci;

--
-- Dumping data untuk tabel `tbl_menu`
--

INSERT INTO `tbl_menu` (`id_menu`, `title`, `url`, `icon`, `is_main_menu`, `is_aktif`) VALUES
(1, 'KELOLA MENU', 'kelolamenu', 'fa fa-server', 0, 'y'),
(2, 'KELOLA PENGGUNA', 'user', 'fa fa-user-o', 0, 'y'),
(3, 'level PENGGUNA', 'userlevel', 'fa fa-users', 0, 'y'),
(9, 'Contoh Form', 'welcome/form', 'fa fa-id-card', 0, 'y'),
(10, 'INPUT TIPE HANDPHONE', 'tbl_tipe', 'fa fa-tablet', 0, 'y'),
(11, 'INPUT HARGA HANDPHONE', 'tbl_harga', 'fa fa-money', 0, 'y'),
(12, 'cek harga handphone', 'cek_harga', 'fa fa-search', 0, 'y'),
(13, 'HARGA HP BARU', 'tbl_baru', 'fa fa-money', 0, 'y'),
(14, 'tipe', 'tbl_tipe_it', 'fa fa-tags', 0, 'y');

-- --------------------------------------------------------

--
-- Struktur dari tabel `tbl_merk`
--

CREATE TABLE `tbl_merk` (
  `id_merk` int(11) NOT NULL,
  `nama_merk` varchar(30) NOT NULL,
  `image` text NOT NULL,
  `link_tt` varchar(100) NOT NULL
) ENGINE=InnoDB DEFAULT CHARSET=utf8mb4 COLLATE=utf8mb4_general_ci;

--
-- Dumping data untuk tabel `tbl_merk`
--

INSERT INTO `tbl_merk` (`id_merk`, `nama_merk`, `image`, `link_tt`) VALUES
(1, 'Apple', 'Apple.png', 'tukar_tambah/'),
(2, 'Oppo', 'Oppo.png', 'tukar_tambah_android/oppo/'),
(3, 'Vivo', 'Vivo.png', 'tukar_tambah_android/vivo/'),
(4, 'Samsung', 'Samsung.png', 'tukar_tambah_android/samsung/'),
(5, 'Infinix', 'Infinix.png', 'tukar_tambah_android/infinix/'),
(6, 'Xiaomi', 'Xiaomi.png', 'tukar_tambah_android/xiaomi/'),
(7, 'Realme', 'Realme.png', 'tukar_tambah_android/realme/'),
(8, 'ROG', 'Rog.png', '');

-- --------------------------------------------------------

--
-- Struktur dari tabel `tbl_merk_baru`
--

CREATE TABLE `tbl_merk_baru` (
  `id_merk_baru` int(11) NOT NULL,
  `nama_merk_baru` varchar(20) NOT NULL
) ENGINE=InnoDB DEFAULT CHARSET=utf8mb4 COLLATE=utf8mb4_general_ci;

--
-- Dumping data untuk tabel `tbl_merk_baru`
--

INSERT INTO `tbl_merk_baru` (`id_merk_baru`, `nama_merk_baru`) VALUES
(1, 'iPhone'),
(2, 'Samsung'),
(3, 'Oppo'),
(4, 'Vivo'),
(5, 'Realme'),
(6, 'Xiaomi'),
(7, 'Infinix'),
(8, 'Tecno'),
(9, 'Asus');

-- --------------------------------------------------------

--
-- Struktur dari tabel `tbl_setting`
--

CREATE TABLE `tbl_setting` (
  `id_setting` int(11) NOT NULL,
  `nama_setting` varchar(50) NOT NULL,
  `value` varchar(40) NOT NULL
) ENGINE=InnoDB DEFAULT CHARSET=latin1 COLLATE=latin1_swedish_ci;

--
-- Dumping data untuk tabel `tbl_setting`
--

INSERT INTO `tbl_setting` (`id_setting`, `nama_setting`, `value`) VALUES
(1, 'Tampil Menu', 'ya');

-- --------------------------------------------------------

--
-- Struktur dari tabel `tbl_tipe`
--

CREATE TABLE `tbl_tipe` (
  `id_tipe` int(11) NOT NULL,
  `id_merk` int(11) NOT NULL,
  `nama_tipe` varchar(50) NOT NULL,
  `gambar_tipe` text DEFAULT NULL
) ENGINE=InnoDB DEFAULT CHARSET=utf8mb4 COLLATE=utf8mb4_general_ci;

--
-- Dumping data untuk tabel `tbl_tipe`
--

INSERT INTO `tbl_tipe` (`id_tipe`, `id_merk`, `nama_tipe`, `gambar_tipe`) VALUES
(1, 1, 'iPhone 15 (RESMI)', 'apple-iphone-15.jpg'),
(3, 1, 'iPhone 15 Pro (RESMI)', 'apple-iphone-15-pro_(1).jpg'),
(4, 1, 'iPhone 15 Pro Max (RESMI)', 'apple-iphone-15-pro-max_(1).jpg'),
(6, 1, 'iPhone 15 Plus (RESMI)', 'apple-iphone-15-plus-.jpg'),
(7, 1, 'iPhone 14 (RESMI)', 'apple-iphone-14.jpg'),
(9, 1, 'iPhone 14 Plus (RESMI)', 'apple-iphone-14-plus.jpg'),
(11, 1, 'iPhone 14 Pro (RESMI)', 'apple-iphone-14-pro.jpg'),
(13, 1, 'iPhone 14 Pro Max (RESMI)', 'apple-iphone-14-pro-max-.jpg'),
(15, 1, 'iPhone 13 (RESMI)', 'apple-iphone-13.jpg'),
(16, 1, 'iPhone 13 Mini (RESMI)', 'apple-iphone-13-mini.jpg'),
(17, 1, 'iPhone 13 Pro (RESMI)', 'apple-iphone-13-pro.jpg'),
(18, 1, 'iPhone 13 Pro Max (RESMI)', 'apple-iphone-13-pro-max.jpg'),
(19, 1, 'iPhone 12 (RESMI)', 'apple-iphone-12.jpg'),
(20, 1, 'iPhone 12 Mini (RESMI)', 'apple-iphone-12-mini.jpg'),
(21, 1, 'iPhone 12 Pro (RESMI)', 'apple-iphone-12-pro--.jpg'),
(22, 1, 'iPhone 12 Pro Max (RESMI)', 'apple-iphone-12-pro-max-.jpg'),
(23, 1, 'iPhone 11 (RESMI)', 'apple-iphone-11.jpg'),
(24, 1, 'iPhone 11 Pro Max (RESMI)', 'apple-iphone-11-pro1.jpg'),
(25, 1, 'iPhone 12 (INTER)', NULL),
(26, 1, 'iPhone 12 Mini (INTER)', NULL),
(27, 1, 'iPhone 12 Pro (INTER)', NULL),
(28, 1, 'iPhone 12 Pro Max (INTER)', NULL),
(33, 1, 'iPhone 11 (INTER)', NULL),
(34, 1, 'iPhone 11 Pro (INTER)', NULL),
(35, 1, 'iPhone 11 Pro Max (INTER)', NULL),
(36, 1, 'iPhone SE 2 (RESMI)', NULL),
(38, 1, 'iPhone SE 3 (RESMI)', NULL),
(39, 1, 'iPhone X', NULL),
(40, 1, 'iPhone XR (INTER)', 'apple-iphone-xr-new.jpg'),
(41, 1, 'iPhone XS', 'apple-iphone-xs-new.jpg'),
(42, 1, 'iPhone XS Max', 'apple-iphone-xs-max-new1.jpg'),
(43, 1, 'iPhone 8', NULL),
(44, 1, 'iPhone 8 Plus', NULL),
(45, 1, 'iPhone 7', NULL),
(46, 1, 'iPhone 7 Plus', NULL),
(47, 1, 'iPhone 7 Plus (RESMI)', NULL),
(48, 1, 'Watch SE Gen 2 40mm (RESMI)', NULL),
(54, 1, 'Watch Series 3 38mm (RESMI)', NULL),
(56, 1, 'Watch Series 3 42mm (RESMI)', NULL),
(58, 1, 'Watch Series 4 40mm (RESMI)', NULL),
(59, 1, 'Watch Series 4 44mm (RESMI)', NULL),
(62, 1, 'Watch Series 5 40mm (RESMI)', NULL),
(64, 1, 'Watch Series 5 44mm (RESMI)', NULL),
(66, 1, 'Watch Series 6 40mm (RESMI)', NULL),
(68, 1, 'Watch Series 6 44mm (RESMI)', NULL),
(70, 1, 'Watch Series 7 41mm (RESMI)', NULL),
(72, 1, 'Watch Series 7 45mm (RESMI)', NULL),
(74, 1, 'Watch Series 8 41mm (RESMI)', NULL),
(76, 1, 'Watch Series 8 45mm (RESMI)', NULL),
(77, 1, 'iPad 9 Cell (RESMI)', NULL),
(78, 1, 'iPad 9 Wifi (RESMI)', NULL),
(79, 1, 'iPad Air 5 Cell (RESMI)', NULL),
(80, 1, 'iPad Air 5 Wifi (RESMI)', NULL),
(81, 1, 'iPad 10 Wifi (RESMI)', NULL),
(82, 1, 'iPad 10 Cell (RESMI)', NULL),
(84, 1, 'iPad Mini 6 Cell (RESMI)', NULL),
(85, 1, 'iPad Mini 6 Wifi (RESMI)', NULL),
(91, 1, 'iPad Pro 12,9 (6th Gen) Wifi (RESMI)', NULL),
(92, 1, 'iPad Pro 12,9 (6th Gen) Cell (RESMI)', NULL),
(93, 8, 'Phone 6 12GB RAM', NULL),
(94, 8, 'Phone 6 8GB RAM', NULL),
(95, 8, 'Zenfone 9', NULL),
(98, 5, 'Smart 7', 'infinix-smart-7.jpg'),
(99, 5, 'Smart 8', 'infinix-smart8.jpg'),
(100, 5, 'Smart 8 Pro', 'infinix-smart-8-pro.jpg'),
(101, 5, 'Hot 10S', 'infinix-hot-10s--.jpg'),
(102, 5, 'Hot 11 Play', 'infinix-hot11-play.jpg'),
(103, 5, 'Hot 12 (8GB RAM)', 'infinix-hot12.jpg'),
(104, 5, 'Hot 12 (6GB RAM)', 'infinix-hot12.jpg'),
(105, 5, 'Hot 12 Play', 'infinix-hot12-play.jpg'),
(106, 5, 'Hot 12 Pro', 'infinix-hot12-pro.jpg'),
(107, 5, 'Hot 12i', 'infinix-hot-12i.jpg'),
(109, 5, 'Hot 20 5G', 'infinix-hot20-5g.jpg'),
(110, 5, 'Hot 30', 'infinix-hot-30.jpg'),
(111, 5, 'Hot 30i', 'infinix-hot-30i.jpg'),
(112, 5, 'Hot 40 Pro', 'infinix-hot-40-pro.jpg'),
(113, 5, 'Hot 40i', 'infinix-hot-40i.jpg'),
(114, 5, 'GT 10 Pro', 'infinix-gt10-pro-5g.jpg'),
(115, 5, 'Zero 30', 'infinix-zero30-5g.jpg'),
(116, 5, 'Zero 5G 2023', 'infinix-zero-5g-2023-turbo.jpg'),
(117, 5, 'Zero Ultra', 'infinix-zero-ultra.jpg'),
(118, 5, 'Note 11 Pro', 'infinix-note-11-pro.jpg'),
(121, 5, 'Note 30', 'infinix-note30-4g.jpg'),
(122, 5, 'Note 30 Pro', 'infinix-note-30-pro.jpg'),
(123, 5, 'Note 40 5G Pro', 'infinix-note-40-pro-5g-.jpg'),
(124, 5, 'Note 40', 'infinix-note-40-4g-.jpg'),
(125, 5, 'Note 40 Pro', 'infinix-note-40-pro-4g-.jpg'),
(127, 2, 'A16', 'oppo-a16.jpg'),
(128, 2, 'A16E', 'oppo-a16k.jpg'),
(129, 2, 'A16K', 'oppo-a16k.jpg'),
(130, 2, 'A17', 'oppo-a17.jpg'),
(131, 2, 'A17K', 'oppo-a17k.jpg'),
(132, 2, 'A18', 'oppo-a38.jpg'),
(133, 2, 'A1K', 'oppo-a1k.jpg'),
(134, 2, 'A33', 'oppo-a32.jpg'),
(135, 2, 'A38 (RAM 4)', 'oppo-a38.jpg'),
(136, 2, 'A53', 'oppo-a53-2020.jpg'),
(137, 2, 'A54 (4GB RAM)', 'oppo-a54.jpg'),
(138, 2, 'A54 (6GB RAM)', 'oppo-a54.jpg'),
(139, 2, 'A55', 'oppo-a55-4g-1.jpg'),
(140, 2, 'A57', 'oppo-a57-5g.jpg'),
(141, 2, 'A74', 'oppo-f19.jpg'),
(142, 2, 'A76', 'oppo-a36.jpg'),
(143, 2, 'A77S', 'oppo-a77s.jpg'),
(144, 2, 'A78 4G', 'oppo-a78-4g.jpg'),
(145, 2, 'A78 5G', 'oppo-a58.jpg'),
(146, 2, 'A79 5G', 'oppo-a79-5g.jpg'),
(147, 2, 'A9 2020', 'oppo-a9-2020-.jpg'),
(148, 2, 'A92', 'oppo-a92-.jpg'),
(149, 2, 'A95', 'oppo-a95.jpg'),
(150, 2, 'A96', 'oppo-a96-new.jpg'),
(151, 2, 'A98 5G', 'oppo-a98-5g.jpg'),
(152, 2, 'F11', 'oppo-f11-.jpg'),
(153, 2, 'Find N2 Flip', 'oppo-find-n2-flip.jpg'),
(154, 2, 'Find N3 Fold', 'oppo-find-n3.jpg'),
(155, 2, 'Find N3 Flip', 'oppo-find-n3-flip.jpg'),
(156, 2, 'Find X5 Pro', 'oppo-find-x5-pro.jpg'),
(157, 2, 'A58 (6GB RAM)', 'oppo-a58-4g.jpg'),
(158, 2, 'A58 (8GB RAM)', 'oppo-a58-4g.jpg'),
(159, 2, 'Pad Air', 'oppo-pad-air.jpg'),
(160, 2, 'Reno 10 5G', 'oppo-reno10-international.jpg'),
(161, 2, 'Reno 10 Pro 5G', 'oppo-reno10-pro-international.jpg'),
(162, 2, 'Reno 10 Pro Plus', 'oppo-reno10-pro-plus.jpg'),
(163, 2, 'Reno 11 5G', 'oppo-reno11-international.jpg'),
(164, 2, 'Reno 11 F', 'oppo-reno11-f-5g.jpg'),
(165, 2, 'Reno 11 Pro', 'oppo-reno11-china.jpg'),
(166, 2, 'Reno 4 F', 'oppo-reno-4f.jpg'),
(168, 2, 'Reno 6 5G', 'oppo-reno6-5g.jpg'),
(169, 2, 'Reno 7 4G', 'oppo-reno7-4g.jpg'),
(170, 2, 'Reno 7 5G', 'oppo-reno7.jpg'),
(171, 2, 'Reno 7 Z 5G', 'oppo-reno7-z-5g.jpg'),
(172, 2, 'Reno 8 4G', 'oppo-reno8-4g.jpg'),
(173, 2, 'Reno 8 5G', 'oppo-reno8.jpg'),
(174, 2, 'Reno 8 Pro', 'oppo-reno8-pro.jpg'),
(175, 2, 'Reno 8 T 4G', 'oppo-reno8-t-4g.jpg'),
(176, 2, 'Reno 8 T 5G', 'oppo-reno8-t.jpg'),
(177, 2, 'Reno 8 Z 5G', 'oppo-reno8z-5g.jpg'),
(178, 7, 'Pad Mini', 'realme-pad-mini.jpg'),
(179, 7, '9 Pro 5G (6GB RAM)', 'realme-9-pro.jpg'),
(186, 7, '12 Plus', 'realme-12-plus.jpg'),
(187, 7, '11 Pro Plus', 'realme-11-pro-plus.jpg'),
(188, 7, '11 Pro', 'realme-11-pro.jpg'),
(189, 7, '11', 'realme-11-5g-tw.jpg'),
(190, 7, '10 Pro Plus', 'realme-10-pro-plus.jpg'),
(191, 7, '10 Pro', 'realme-10-pro.jpg'),
(192, 7, '10', 'realme-10.jpg'),
(193, 7, 'Note 50', 'realme-note-50.jpg'),
(194, 7, 'Narzo 50i Prime', 'realme-narzo-50i-prime.jpg'),
(195, 7, 'Narzo 50A Prime', 'realme-narzo-50a-prime.jpg'),
(196, 7, 'Narzo 50', 'realme-narzo-50.jpg'),
(197, 7, 'GT Neo 3 T', 'realme-neo-3-gt.jpg'),
(198, 7, 'GT Neo 3', 'realme-gt-neo3-new.jpg'),
(199, 7, 'C67', 'realme-c67-5g.jpg'),
(200, 7, 'C55', 'realme-c55.jpg'),
(201, 7, 'C53 (8GB RAM)', 'realme-c53.jpg'),
(202, 7, 'C53 (6GB RAM)', 'realme-c53.jpg'),
(203, 7, 'C51s', 'realme-c51s.jpg'),
(204, 7, 'C51', 'realme-c51.jpg'),
(205, 7, 'C35', 'realme-c35.jpg'),
(206, 7, 'C33', 'realme-c33.jpg'),
(207, 7, 'C31', 'realme-c31.jpg'),
(208, 7, 'C30s', 'realme-c30s.jpg'),
(209, 7, 'C30', 'realme-c30--.jpg'),
(210, 7, 'C25Y', 'realme-c25y.jpg'),
(211, 7, 'C25S', 'realme-c25s.jpg'),
(213, 7, 'C15', 'realme-c15-r1.jpg'),
(215, 7, '9i', 'realme-9i-r1.jpg'),
(216, 7, '9 Pro Plus 5G', 'realme-9-pro-plus.jpg'),
(217, 7, '9 Pro 5G (8GB RAM)', 'realme-9-pro.jpg'),
(218, 7, '9', 'realme-9-4g.jpg'),
(220, 7, '12 Pro Plus', 'realme-12-pro-plus.jpg'),
(221, 7, '12', 'realme-12-5g.jpg'),
(222, 3, 'Z1 Pro', 'vivo-z5x.jpg'),
(223, 3, 'Y36 5G', 'vivo-y36-5g.jpg'),
(224, 3, 'Y35', 'vivo-y35-2022.jpg'),
(225, 3, 'Y33T', 'vivo-y33t.jpg'),
(226, 3, 'Y33S', 'vivo-y33s.jpg'),
(227, 3, 'Y30i', 'vivo-y30.jpg'),
(228, 3, 'Y30', 'vivo-y30.jpg'),
(229, 3, 'Y27S', 'vivo-y27s.jpg'),
(230, 3, 'Y27', 'vivo-y35-plus.jpg'),
(231, 3, 'Y27 5G', 'vivo-y27-5g.jpg'),
(232, 3, 'Y22 (6GB RAM)', 'vivo-y22-2022.jpg'),
(233, 3, 'Y22 (4GB RAM)', 'vivo-y22-2022.jpg'),
(240, 3, 'Y17S (6GB RAM)', 'vivo-y17s.jpg'),
(241, 3, 'Y17S (4GB RAM)', 'vivo-y17s.jpg'),
(243, 3, 'Y16 (4GB RAM)', 'vivo-y16.jpg'),
(244, 3, 'Y16 (3GB RAM)', 'vivo-y16.jpg'),
(245, 3, 'Y15S', 'vivo-y15s-new.jpg'),
(246, 3, 'Y15', 'vivo-y15-new.jpg'),
(249, 3, 'Y100 5G', 'vivo-y100-5g-indonesia.jpg'),
(250, 3, 'Y02', 'viv0-y02.jpg'),
(251, 3, 'Y01', 'vivo-y01.jpg'),
(252, 3, 'X80', 'vivo-x80.jpg'),
(253, 3, 'Y75 5G', 'vivo-y55-5g.jpg'),
(254, 3, 'Y36 4G', 'vivo-y36.jpg'),
(256, 3, 'Y02T', 'vivo-y02t.jpg'),
(257, 3, 'V30 Pro', 'vivo-v30-pro.jpg'),
(258, 3, 'V30 5G', 'vivo-s18.jpg'),
(259, 3, 'V29E 5G', 'vivo-v29e-international.jpg'),
(260, 3, 'V29', 'vivo-s17-pro.jpg'),
(261, 3, 'V27E (8GB RAM)', 'vivo-s16e.jpg'),
(262, 3, 'V27E (12GB RAM)', 'vivo-s16e.jpg'),
(263, 3, 'V27 5G', 'vivo-v27.jpg'),
(264, 3, 'V25E (8GB RAM)', 'vivo-v25e.jpg'),
(265, 3, 'V25E (12GB RAM)', 'vivo-v25e.jpg'),
(266, 3, 'V25 Pro', 'vivo-v25-pro.jpg'),
(267, 3, 'V25 5G', 'vivo-v25-.jpg'),
(268, 3, 'V23E', 'vivo-v23e.jpg'),
(269, 3, 'V23 5G', 'vivo-v23-5g.jpg'),
(270, 3, 'V21 5G', 'vivo-v21-5g.jpg'),
(271, 3, 'V21 4G', 'vivo-v21.jpg'),
(274, 3, 'T1 5G (8GB RAM)', 'vivo-t1-5g.jpg'),
(275, 3, 'T1 5G (4GB RAM)', 'vivo-t1-5g.jpg'),
(276, 6, 'Mi 10T Pro', 'xiaomi-mi-10t-5g-pro.jpg'),
(277, 6, 'Mi 12T', 'xiaomi-12t-.jpg'),
(278, 6, 'Mi 11 Lite', 'xiaomi-mi-11-lite-4g.jpg'),
(279, 6, 'Redmi Note 10 Pro (8GB RAM)', 'xiaomi-redmi-note10-pro.jpg'),
(280, 6, 'Redmi Note 8 Pro', 'xiaomi-redmi-note-8-pro-.jpg'),
(281, 6, 'Redmi Note 9 Pro', 'xiaomi-redmi-note-9-pro-global-.jpg'),
(282, 6, 'Poco C40', 'xiaomi-poco-c40.jpg'),
(283, 6, 'Poco F3', 'xiaomi-poco-f3.jpg'),
(284, 6, 'Poco F4 5G', 'xiaomi-poco-f4-5g-.jpg'),
(285, 6, 'Poco F4 GT', 'xiaomi-poco-f4-gt.jpg'),
(286, 6, 'Poco M3', 'xiaomi-poco-m3-.jpg'),
(287, 6, 'Poco M3 Pro 5G', 'xiaomi-poco-m3-pro-5g.jpg'),
(288, 6, 'Poco M4 Pro', 'xiaomi-poco-m4-pro.jpg'),
(289, 6, 'Poco M5', 'xiaomi-poco-m5.jpg'),
(290, 6, 'Poco M5S', 'xiaomi-poco-m5s.jpg'),
(291, 6, 'Poco X3 GT', 'xiaomi-redmi-note-10-pro-china-new.jpg'),
(292, 6, 'Poco X3 Pro', 'xiaomi-poco-x3-pro-.jpg'),
(293, 6, 'Poco X5', 'xiaomi-poco-x5-5g.jpg'),
(294, 6, 'Redmi 10 2022', 'xiaomi-redmi-note-11-4g.jpg'),
(295, 6, 'Redmi 10 5G (4GB RAM)', 'xiaomi-redmi-10-5g.jpg'),
(296, 6, 'Redmi 10 5G (6GB RAM)', 'xiaomi-redmi-10-5g.jpg'),
(297, 6, 'Redmi 10A (3GB RAM)', 'xiaomi-redmi-10a.jpg'),
(298, 6, 'Redmi 10A (4GB RAM)', 'xiaomi-redmi-10a.jpg'),
(299, 6, 'Redmi 10C', 'xiaomi-redmi-10c.jpg'),
(300, 6, 'Redmi 12', 'xiaomi-redmi-12-.jpg'),
(301, 6, 'Redmi 12C (3GB RAM)', 'xiaomi-redmi-12c.jpg'),
(302, 6, 'Redmi 12C (4GB RAM)', 'xiaomi-redmi-12c.jpg'),
(303, 6, 'Redmi 9', 'xiaomi-redmi-9.jpg'),
(304, 6, 'Redmi 9A (2GB RAM)', 'xiaomi-redmi-9a-1.jpg'),
(305, 6, 'Redmi 9A (3GB RAM)', 'xiaomi-redmi-9a-1.jpg'),
(306, 6, 'Redmi 9C', 'xiaomi-redmi-9c-.jpg'),
(307, 6, 'Redmi A1 (2GB RAM)', 'xiaomi-a1.jpg'),
(308, 6, 'Redmi A1 (3GB RAM)', 'xiaomi-a1.jpg'),
(309, 6, 'Redmi A2', 'xiaomi-redmi-a2-.jpg'),
(310, 6, 'Redmi Note 10 5G (4GB RAM)', 'xiaomi-redmi-note10-5g.jpg'),
(311, 6, 'Redmi Note 10 5G (8GB RAM)', 'xiaomi-redmi-note10-5g.jpg'),
(312, 6, 'Redmi Note 10 Pro (6GB RAM)', 'xiaomi-redmi-note10-pro.jpg'),
(314, 6, 'Redmi Note 10S (6GB RAM)', 'xiaomi-redmi-note10s.jpg'),
(315, 6, 'Redmi Note 10S (8GB RAM)', 'xiaomi-redmi-note10s.jpg'),
(316, 6, 'Redmi Note 11 (4GB RAM)', 'xiaomi-redmi-note-11-4g.jpg'),
(317, 6, 'Redmi Note 11 (6GB RAM)', 'xiaomi-redmi-note-11-4g.jpg'),
(318, 6, 'Redmi Note 11 Pro 5G', 'xiaomi-redmi-note-11-pro-5g-global.jpg'),
(319, 6, 'Redmi Note 11 Pro (6GB RAM)', 'xiaomi-redmi-note-11-pro-global.jpg'),
(320, 6, 'Redmi Note 11 Pro (8GB RAM)', 'xiaomi-redmi-note-11-pro-global.jpg'),
(321, 6, 'Redmi Note 12 (4GB RAM)', 'redmi-note-12-4g.jpg'),
(322, 6, 'Redmi Note 12 (6GB RAM)', 'redmi-note-12-4g.jpg'),
(323, 6, 'Redmi Note 12 (8GB RAM)', 'redmi-note-12-4g.jpg'),
(324, 6, 'Redmi Note 12 Pro 5G', 'xiaomi-redmi-note-12-pro.jpg'),
(325, 6, 'Redmi Note 12 Pro', 'xiaomi-redmi-note-12-pro-4g.jpg'),
(326, 6, 'Redmi Note 13 5G', 'xiaomi-redmi-note-13-5g.jpg'),
(327, 6, 'Redmi Note 13', 'xiaomi-redmi-note-13-4g.jpg'),
(328, 6, 'Redmi Note 13 Pro 5G (RAM 8)', 'xiaomi-redmi-note-13-pro-5g.jpg'),
(329, 6, 'Redmi Note 13 Pro', 'xiaomi-redmi-note-13-pro-4g.jpg'),
(330, 6, 'Redmi Note 13 Pro Plus 5G', 'xiaomi-redmi-note-13-pro-plus-int.jpg'),
(331, 6, 'Redmi Note 9', 'xiaomi-redmi-note-9.jpg'),
(332, 6, 'Redmi Pad Wifi Only', 'xiaomi-redmi-pad.jpg'),
(333, 6, 'Mi 11T', 'xiaomi-11t.jpg'),
(334, 6, 'Mi 11T Pro (12GB RAM)', 'xiaomi-11t-pro.jpg'),
(335, 6, 'Mi 11T Pro (8GB RAM)', 'xiaomi-11t-pro.jpg'),
(336, 6, 'Mi 12', 'xiaomi-12.jpg'),
(337, 6, 'Mi 12 Lite', 'xiaomi-12-lite-5g-new.jpg'),
(338, 6, 'Mi 13T', 'xiaomi-13t.jpg'),
(339, 4, 'A02', 'samsung-galaxy-a02.jpg'),
(340, 4, 'A03 (3GB RAM)', 'samsung-galaxy-a03.jpg'),
(341, 4, 'A03 (4GB RAM)', 'samsung-galaxy-a03.jpg'),
(342, 4, 'A03 Core', 'samsung-galaxy-a03-core.jpg'),
(343, 4, 'A03S', 'samsung-galaxy-a03s.jpg'),
(344, 4, 'A04', 'samsung-galaxy-a04.jpg'),
(345, 4, 'A04S', 'samsung-galaxy-a04s.jpg'),
(346, 4, 'A04E', 'samsung-galaxy-a04e.jpg'),
(347, 4, 'A05 (4GB RAM)', 'samsung-galaxy-a05.jpg'),
(348, 4, 'A05 (6GB RAM)', 'samsung-galaxy-a05.jpg'),
(349, 4, 'A05S', 'samsung-galaxy-a05s.jpg'),
(352, 4, 'A13 (4GB RAM)', 'samsung-galaxy-a13.jpg'),
(353, 4, 'A13 (6GB RAM)', 'samsung-galaxy-a13.jpg'),
(354, 4, 'A14 5G', 'samsung-galaxy-a14-5g.jpg'),
(355, 4, 'A14 (4GB RAM)', 'samsung-galaxy-a14-4g.jpg'),
(356, 4, 'A14 (6GB RAM)', 'samsung-galaxy-a14-4g.jpg'),
(357, 4, 'A15 5G', 'samsung-galaxy-a15-5g-new.jpg'),
(358, 4, 'A15', 'samsung-galaxy-a15-lte-.jpg'),
(361, 4, 'A23 5G (6GB RAM)', 'samsung-galaxy-a23-5g.jpg'),
(362, 4, 'A23 5G (8GB RAM)', 'samsung-galaxy-a23-5g.jpg'),
(363, 4, 'A23', 'samsung-galaxy-a23.jpg'),
(364, 4, 'A24', 'samsung-galaxy-a24-4g-2.jpg'),
(365, 4, 'A25 5G', 'samsung-galaxy-a25.jpg'),
(368, 4, 'A33 5G (6GB RAM)', 'samsung-galaxy-a33-5g.jpg'),
(369, 4, 'A33 5G (8GB RAM)', 'samsung-galaxy-a33-5g.jpg'),
(370, 4, 'A34 5G', 'samsung-galaxy-a34.jpg'),
(371, 4, 'A35 5G', 'samsung-galaxy-a35.jpg'),
(374, 4, 'A53', 'samsung-galaxy-a53-5g-.jpg'),
(375, 4, 'A54 5G', 'samsung-galaxy-a54.jpg'),
(376, 4, 'A55 5G (RAM 8)', 'samsung-galaxy-a55.jpg'),
(377, 4, 'A73', 'samsung-galaxy-a73-5g.jpg'),
(378, 4, 'S21 FE 5G', 'samsung-galaxy-s21-fe-5g.jpg'),
(379, 4, 'S22', 'samsung-galaxy-s22-5g.jpg'),
(380, 4, 'S22 Plus', 'samsung-galaxy-s22-plus-5g.jpg'),
(381, 4, 'S22 Ultra (12GB RAM)', 'samsung-galaxy-s22-ultra-5g.jpg'),
(382, 4, 'S22 Ultra (8GB RAM)', 'samsung-galaxy-s22-ultra-5g.jpg'),
(383, 4, 'S23', 'samsung-galaxy-s23-5g.jpg'),
(384, 4, 'S23 Plus', 'samsung-galaxy-s23-plus-5g.jpg'),
(385, 4, 'S23 Ultra', 'samsung-galaxy-s23-ultra-5g.jpg'),
(387, 4, 'Z Flip 4', 'samsung-galaxy-z-flip4-5g.jpg'),
(388, 4, 'Z Fold 4', 'samsung-galaxy-z-fold4.jpg'),
(390, 4, 'M14 5G', 'samsung-galaxy-m14-5g-sm-m146.jpg'),
(393, 4, 'M54 5G', 'samsung-galaxy-m54-5g.jpg'),
(395, 4, 'S21 5G', 'samsung-galaxy-s21-5g-r.jpg'),
(396, 4, 'S21 Plus 5G', 'samsung-galaxy-s21-plus-5g-.jpg'),
(397, 4, 'S21 Ultra 5G', 'samsung-galaxy-s21-ultra-5g-.jpg'),
(398, 4, 'S23 FE', 'samsung-galaxy-s23-fe.jpg'),
(399, 4, 'S24', 'samsung-galaxy-s24-5g-sm-s921.jpg'),
(400, 4, 'S24 Plus', 'samsung-galaxy-s24-plus-5g-sm-s926.jpg'),
(401, 4, 'S24 Ultra', 'samsung-galaxy-s24-ultra-5g-sm-s928-stylus_(1).jpg'),
(403, 4, 'Tab A8', 'samsung-galaxy-tab-a8-105-2021-new.jpg'),
(405, 4, 'Tab S8', 'samsung-galaxy-tab-s8.jpg'),
(406, 4, 'Tab S9 FE 5G', 'samsung-galaxy-tab-s9-fe-10-.jpg'),
(407, 4, 'Tab S9 FE Plus Wifi Only', 'samsung-galaxy-tab-s9-fe-plus-10-.jpg'),
(408, 4, 'Tab S9 FE Wifi Only', 'samsung-galaxy-tab-s9-fe-10-.jpg'),
(409, 4, 'Z Flip 5', 'samsung-galaxy-z-flip5-5g.jpg'),
(411, 4, 'Z Fold 5', 'samsung-galaxy-z-fold5-5g.jpg'),
(413, 3, 'Y03', 'vivo-y03.jpg'),
(414, 3, 'Y18', 'vivo-y18.jpg'),
(415, 3, 'Y28 (RAM 6)', 'vivo-y28-5g-.jpg'),
(416, 3, 'Y28 (RAM 8)', 'vivo-y28-5g-.jpg'),
(417, 3, 'Y100 4G', 'vivo-y100-5g-indonesia.jpg'),
(418, 2, 'A38 (RAM 6)', 'oppo-a38.jpg'),
(420, 7, 'C63 (RAM 6)', 'realme-c63.jpg'),
(421, 7, 'C63 (RAM 8)', 'realme-c63.jpg'),
(422, 7, 'C65', 'realme-c65-.jpg'),
(424, 6, 'Redmi Note 13 Pro 5G (RAM 12)', 'xiaomi-redmi-note-13-pro-5g.jpg'),
(425, 3, 'V30 E', 'vivo-v30e.jpg'),
(426, 2, 'A3 Pro 5G', 'oppo-a3-pro.jpg'),
(427, 2, 'A60 (RAM 8)', 'oppo-a60.jpg'),
(428, 1, 'iPhone XR (RESMI)', 'apple-iphone-xr-new.jpg'),
(429, 1, 'XS (RESMI)', 'apple-iphone-xs-new.jpg'),
(430, 6, 'Poco M6 Pro', 'xiaomi-poco-m6-pro-4g.jpg'),
(431, 6, 'Poco X6 Pro', 'xiaomi-poco-x6-pro.jpg'),
(432, 6, 'Poco X6 5G', 'xiaomi-poco-x6.jpg'),
(433, 6, 'Poco M6', 'xiaomi-poco-m6-5g-.jpg'),
(434, 6, 'Poco C65 (RAM 6)', 'xiaomi-poco-c65.jpg'),
(435, 6, 'Poco F6 (RAM 8)', 'xiaomi-poco-f6.jpg'),
(436, 6, 'Poco F6 (RAM 12)', 'xiaomi-poco-f6.jpg'),
(437, 6, 'Poco C65 (RAM 8)', 'xiaomi-poco-c65.jpg'),
(438, 6, 'Poco F5 (RAM 12)', 'xiaomi-poco-f5-2.jpg'),
(439, 6, 'Poco F5 (RAM 8)', 'xiaomi-poco-f5-2.jpg'),
(440, 4, 'Z Flip 6 (RAM 12)', 'samsung-galaxy-z-flip6.jpg'),
(441, 4, 'Z Fold 6 (RAM 12)', 'samsung-galaxy-z-fold6.jpg'),
(442, 4, 'Tab A9 WIFI', 'samsung-galaxy-tab-a9.jpg'),
(443, 4, 'Tab A9 CELL', 'samsung-galaxy-tab-a9.jpg'),
(444, 4, 'Tab A9 PLUS 5G', 'samsung-galaxy-tab-a9-plus.jpg'),
(445, 1, 'iPhone 11 PRO (RESMI)', 'apple-iphone-11-pro-max-.jpg'),
(446, 5, 'GT 20 PRO', 'infinix-gt20-pro.jpg'),
(447, 2, 'Reno 12F 4G (RAM 8)', 'oppo-reno12-f-4g1.jpg'),
(448, 2, 'Reno 12F 5G (RAM 12)', 'oppo-reno12-f.jpg'),
(449, 2, 'Reno 12 5G (RAM 12)', 'oppo-reno12-cn.jpg'),
(450, 2, 'Reno 12 Pro 5G (RAM 12)', 'oppo-reno12-pro-cn.jpg'),
(451, 1, 'Watch Series 9 41mm (RESMI)', 'apple-watch-series9.jpg'),
(452, 1, 'Watch Series 9 45mm (RESMI)', 'apple-watch-series9.jpg'),
(453, 4, 'A55 5G (RAM 12)', NULL);

-- --------------------------------------------------------

--
-- Struktur dari tabel `tbl_user`
--

CREATE TABLE `tbl_user` (
  `id_users` int(11) NOT NULL,
  `full_name` varchar(50) NOT NULL,
  `email` varchar(50) NOT NULL,
  `password` varchar(255) NOT NULL,
  `images` text NOT NULL,
  `id_user_level` int(11) NOT NULL,
  `is_aktif` enum('y','n') NOT NULL
) ENGINE=InnoDB DEFAULT CHARSET=latin1 COLLATE=latin1_swedish_ci;

--
-- Dumping data untuk tabel `tbl_user`
--

INSERT INTO `tbl_user` (`id_users`, `full_name`, `email`, `password`, `images`, `id_user_level`, `is_aktif`) VALUES
(1, 'Admin Harga', 'admin@gmail.com', '$2y$04$Wbyfv4xwihb..POfhxY5Y.jHOJqEFIG3dLfBYwAmnOACpH0EWCCdq', 'atomix_user31.png', 1, 'y'),
(3, 'Pembelian', 'pembelian@gmail.com', '$2y$10$08u29OIa0CtOUzUtTN44L.4fG0Dbx9v/oGKHQEelm0/1szPgeDTC6', 'atomix_user31.png', 2, 'y'),
(7, 'Manager', 'manager@gsk.com', '$2y$04$7JRr9GKEJ509VQ3.GLSmhOFbXJBVpcAta1cMXaSVui4bcMPqYVQmW', 'gsk.jpg', 1, 'y'),
(8, 'Pembelian', 'pembelian@gsk.com', '$2y$04$hnGm4w9vglyTRrJZp4QxPuVMyieYybPVoVuUMf9XFR.4vj9nJm3tm', 'gsk1.jpg', 2, 'y'),
(9, 'Faisal', 'it@gsk.com', '$2y$04$hnGm4w9vglyTRrJZp4QxPuVMyieYybPVoVuUMf9XFR.4vj9nJm3tm', 'gsk1.jpg', 3, 'y');

-- --------------------------------------------------------

--
-- Struktur dari tabel `tbl_user_level`
--

CREATE TABLE `tbl_user_level` (
  `id_user_level` int(11) NOT NULL,
  `nama_level` varchar(30) NOT NULL
) ENGINE=InnoDB DEFAULT CHARSET=latin1 COLLATE=latin1_swedish_ci;

--
-- Dumping data untuk tabel `tbl_user_level`
--

INSERT INTO `tbl_user_level` (`id_user_level`, `nama_level`) VALUES
(1, 'Admin'),
(2, 'Tim Pembelian'),
(3, 'IT');

--
-- Indexes for dumped tables
--

--
-- Indeks untuk tabel `tbl_baru`
--
ALTER TABLE `tbl_baru`
  ADD PRIMARY KEY (`id_baru`);

--
-- Indeks untuk tabel `tbl_hak_akses`
--
ALTER TABLE `tbl_hak_akses`
  ADD PRIMARY KEY (`id`);

--
-- Indeks untuk tabel `tbl_harga`
--
ALTER TABLE `tbl_harga`
  ADD PRIMARY KEY (`id_harga`);

--
-- Indeks untuk tabel `tbl_kondisi`
--
ALTER TABLE `tbl_kondisi`
  ADD PRIMARY KEY (`id_kondisi`);

--
-- Indeks untuk tabel `tbl_kualifikasi`
--
ALTER TABLE `tbl_kualifikasi`
  ADD PRIMARY KEY (`id_kualifikasi`);

--
-- Indeks untuk tabel `tbl_memori`
--
ALTER TABLE `tbl_memori`
  ADD PRIMARY KEY (`id_memori`);

--
-- Indeks untuk tabel `tbl_menu`
--
ALTER TABLE `tbl_menu`
  ADD PRIMARY KEY (`id_menu`);

--
-- Indeks untuk tabel `tbl_merk`
--
ALTER TABLE `tbl_merk`
  ADD PRIMARY KEY (`id_merk`);

--
-- Indeks untuk tabel `tbl_merk_baru`
--
ALTER TABLE `tbl_merk_baru`
  ADD PRIMARY KEY (`id_merk_baru`);

--
-- Indeks untuk tabel `tbl_setting`
--
ALTER TABLE `tbl_setting`
  ADD PRIMARY KEY (`id_setting`);

--
-- Indeks untuk tabel `tbl_tipe`
--
ALTER TABLE `tbl_tipe`
  ADD PRIMARY KEY (`id_tipe`);

--
-- Indeks untuk tabel `tbl_user`
--
ALTER TABLE `tbl_user`
  ADD PRIMARY KEY (`id_users`);

--
-- Indeks untuk tabel `tbl_user_level`
--
ALTER TABLE `tbl_user_level`
  ADD PRIMARY KEY (`id_user_level`);

--
-- AUTO_INCREMENT untuk tabel yang dibuang
--

--
-- AUTO_INCREMENT untuk tabel `tbl_baru`
--
ALTER TABLE `tbl_baru`
  MODIFY `id_baru` int(11) NOT NULL AUTO_INCREMENT, AUTO_INCREMENT=428;

--
-- AUTO_INCREMENT untuk tabel `tbl_hak_akses`
--
ALTER TABLE `tbl_hak_akses`
  MODIFY `id` int(11) NOT NULL AUTO_INCREMENT, AUTO_INCREMENT=39;

--
-- AUTO_INCREMENT untuk tabel `tbl_harga`
--
ALTER TABLE `tbl_harga`
  MODIFY `id_harga` int(11) NOT NULL AUTO_INCREMENT, AUTO_INCREMENT=1789;

--
-- AUTO_INCREMENT untuk tabel `tbl_kondisi`
--
ALTER TABLE `tbl_kondisi`
  MODIFY `id_kondisi` int(11) NOT NULL AUTO_INCREMENT, AUTO_INCREMENT=5;

--
-- AUTO_INCREMENT untuk tabel `tbl_kualifikasi`
--
ALTER TABLE `tbl_kualifikasi`
  MODIFY `id_kualifikasi` int(11) NOT NULL AUTO_INCREMENT, AUTO_INCREMENT=4;

--
-- AUTO_INCREMENT untuk tabel `tbl_memori`
--
ALTER TABLE `tbl_memori`
  MODIFY `id_memori` int(11) NOT NULL AUTO_INCREMENT, AUTO_INCREMENT=11;

--
-- AUTO_INCREMENT untuk tabel `tbl_menu`
--
ALTER TABLE `tbl_menu`
  MODIFY `id_menu` int(11) NOT NULL AUTO_INCREMENT, AUTO_INCREMENT=15;

--
-- AUTO_INCREMENT untuk tabel `tbl_merk`
--
ALTER TABLE `tbl_merk`
  MODIFY `id_merk` int(11) NOT NULL AUTO_INCREMENT, AUTO_INCREMENT=9;

--
-- AUTO_INCREMENT untuk tabel `tbl_merk_baru`
--
ALTER TABLE `tbl_merk_baru`
  MODIFY `id_merk_baru` int(11) NOT NULL AUTO_INCREMENT, AUTO_INCREMENT=10;

--
-- AUTO_INCREMENT untuk tabel `tbl_setting`
--
ALTER TABLE `tbl_setting`
  MODIFY `id_setting` int(11) NOT NULL AUTO_INCREMENT, AUTO_INCREMENT=2;

--
-- AUTO_INCREMENT untuk tabel `tbl_tipe`
--
ALTER TABLE `tbl_tipe`
  MODIFY `id_tipe` int(11) NOT NULL AUTO_INCREMENT, AUTO_INCREMENT=454;

--
-- AUTO_INCREMENT untuk tabel `tbl_user`
--
ALTER TABLE `tbl_user`
  MODIFY `id_users` int(11) NOT NULL AUTO_INCREMENT, AUTO_INCREMENT=10;

--
-- AUTO_INCREMENT untuk tabel `tbl_user_level`
--
ALTER TABLE `tbl_user_level`
  MODIFY `id_user_level` int(11) NOT NULL AUTO_INCREMENT, AUTO_INCREMENT=4;
COMMIT;

/*!40101 SET CHARACTER_SET_CLIENT=@OLD_CHARACTER_SET_CLIENT */;
/*!40101 SET CHARACTER_SET_RESULTS=@OLD_CHARACTER_SET_RESULTS */;
/*!40101 SET COLLATION_CONNECTION=@OLD_COLLATION_CONNECTION */;
